region,country,year,life_expectancy,hiv,fertility,pop_density,infant_deaths,pop_under_15,neonatal_deaths,under5_deaths,undernourish,urban_pop,gdp,electricity,population,adm0_a3_is,geounit,capital,land
Eastern Africa,Burundi,2011,57.77,1.5,6.11,368.21,56.3,45.17,27.2,85.6,21.58,10.92,236.45,6.16,9455733,BDI,Burundi,Gitega,Burundi
Eastern Africa,Burundi,2012,58.49,1.5,5.99,381.44,53.5,45.49,26.2,80.5,21.1,11.19,238.21,6.5,9795479,BDI,Burundi,Gitega,Burundi
Eastern Africa,Burundi,2013,59.24,1.4,5.89,395.23,50.8,45.83,25.2,75.7,21.34,11.48,241.55,6.9,10149577,BDI,Burundi,Gitega,Burundi
Eastern Africa,Burundi,2014,59.87,1.3,5.79,408.68,48.4,46.17,24.4,71.6,22.07,11.78,257.82,7.0,10494913,BDI,Burundi,Gitega,Burundi
Eastern Africa,Burundi,2015,60.22,1.3,5.7,417.72,46.3,46.8,23.6,67.9,23.33,12.08,289.36,7.89,10727148,BDI,Burundi,Gitega,Burundi
Eastern Africa,Burundi,2016,60.79,1.2,5.59,424.58,44.5,47.48,23.0,64.6,24.08,12.39,242.54,8.48,10903327,BDI,Burundi,Gitega,Burundi
Eastern Africa,Burundi,2017,61.55,1.2,5.48,434.41,42.9,47.72,22.4,61.7,24.55,12.71,244.15,9.3,11155593,BDI,Burundi,Gitega,Burundi
Eastern Africa,Burundi,2018,61.69,1.1,5.38,447.57,41.3,47.53,21.9,59.1,24.79,13.03,232.06,9.51,11493472,BDI,Burundi,Gitega,Burundi
Eastern Africa,Burundi,2019,62.35,1.0,5.27,462.42,40.0,47.11,21.3,56.7,25.48,13.37,216.97,9.84,11874838,BDI,Burundi,Gitega,Burundi
Eastern Africa,Burundi,2020,61.57,1.0,5.18,475.87,38.8,46.72,20.9,54.6,26.8,13.71,216.83,9.1,12220227,BDI,Burundi,Gitega,Burundi
Eastern Africa,Burundi,2021,61.66,0.9,5.08,488.75,37.6,46.29,20.4,52.6,27.35,14.06,221.16,10.23,12551213,BDI,Burundi,Gitega,Burundi
Eastern Africa,Comoros,2011,61.5,0.1,4.72,360.06,53.1,41.52,32.8,70.3,14.0,28.04,1526.83,69.33,670071,COM,Comoros,Moroni,Comoros
Eastern Africa,Comoros,2012,61.83,0.1,4.64,367.84,51.6,41.07,32.0,68.0,13.7,28.12,1483.95,69.3,684553,COM,Comoros,Moroni,Comoros
Eastern Africa,Comoros,2013,62.22,0.1,4.57,375.82,50.1,40.63,31.2,65.8,13.2,28.22,1595.99,69.44,699393,COM,Comoros,Moroni,Comoros
Eastern Africa,Comoros,2014,62.52,0.1,4.49,383.99,48.7,40.22,30.5,63.5,12.8,28.34,1608.69,71.76,714612,COM,Comoros,Moroni,Comoros
Eastern Africa,Comoros,2015,62.9,0.1,4.42,392.38,47.2,39.85,29.8,61.2,12.4,28.47,1322.94,74.08,730216,COM,Comoros,Moroni,Comoros
Eastern Africa,Comoros,2016,63.24,0.1,4.35,400.98,45.7,39.5,29.1,59.0,11.9,28.62,1357.27,76.4,746232,COM,Comoros,Moroni,Comoros
Eastern Africa,Comoros,2017,63.62,0.1,4.28,409.28,44.3,39.18,28.4,56.9,11.6,28.78,1414.59,78.71,761664,COM,Comoros,Moroni,Comoros
Eastern Africa,Comoros,2018,63.91,0.1,4.2,417.15,42.9,38.91,27.7,54.9,11.7,28.96,1531.34,81.02,776313,COM,Comoros,Moroni,Comoros
Eastern Africa,Comoros,2019,64.07,0.1,4.12,425.03,41.6,38.69,27.1,53.1,11.6,29.16,1510.8,83.33,790986,COM,Comoros,Moroni,Comoros
Eastern Africa,Comoros,2020,64.17,0.1,4.05,433.19,40.4,38.47,26.5,51.3,11.9,29.38,1519.59,85.64,806166,COM,Comoros,Moroni,Comoros
Eastern Africa,Comoros,2021,63.42,0.1,3.98,441.5,39.3,38.26,25.8,49.7,13.5,29.61,1577.47,87.94,821625,COM,Comoros,Moroni,Comoros
Eastern Africa,Djibouti,2011,60.43,1.7,3.3,40.41,60.8,35.69,36.7,74.3,28.5,77.06,1322.73,58.12,936811,DJI,Djibouti,Djibouti,Djibouti
Eastern Africa,Djibouti,2012,60.85,1.6,3.24,41.17,59.3,35.28,35.9,72.2,26.9,77.14,1418.46,54.6,954297,DJI,Djibouti,Djibouti,Djibouti
Eastern Africa,Djibouti,2013,61.22,1.4,3.18,41.92,57.6,34.86,35.2,69.9,25.3,77.22,2102.2,58.64,971753,DJI,Djibouti,Djibouti,Djibouti
Eastern Africa,Djibouti,2014,61.64,1.3,3.11,42.67,56.1,34.39,34.5,67.8,22.9,77.31,2239.11,58.89,989087,DJI,Djibouti,Djibouti,Djibouti
Eastern Africa,Djibouti,2015,61.96,1.2,3.07,43.41,54.5,33.88,33.9,65.6,21.3,77.42,2409.31,59.13,1006259,DJI,Djibouti,Djibouti,Djibouti
Eastern Africa,Djibouti,2016,62.19,1.1,3.01,44.14,53.1,33.34,33.2,63.8,20.2,77.53,2545.74,59.84,1023261,DJI,Djibouti,Djibouti,Djibouti
Eastern Africa,Djibouti,2017,62.8,1.0,2.97,44.88,51.7,32.77,32.4,61.9,19.9,77.65,2655.73,60.2,1040233,DJI,Djibouti,Djibouti,Djibouti
Eastern Africa,Djibouti,2018,63.04,0.9,2.93,45.61,50.3,32.2,31.7,59.9,19.4,77.78,2755.84,62.41,1057198,DJI,Djibouti,Djibouti,Djibouti
Eastern Africa,Djibouti,2019,63.08,0.9,2.89,46.33,48.7,31.67,31.0,57.9,19.0,77.92,2876.04,64.7,1073994,DJI,Djibouti,Djibouti,Djibouti
Eastern Africa,Djibouti,2020,62.69,0.8,2.85,47.03,47.2,31.19,30.4,56.0,17.3,78.06,2921.74,64.5,1090156,DJI,Djibouti,Djibouti,Djibouti
Eastern Africa,Djibouti,2021,62.3,0.7,2.8,47.69,45.9,30.77,29.6,54.1,16.8,78.22,3062.55,65.44,1105557,DJI,Djibouti,Djibouti,Djibouti
Eastern Africa,Eritrea,2011,64.4,0.8,4.49,26.49,38.0,42.42,21.5,53.3,21.58,35.77,643.79,41.2,3207570,ERI,Eritrea,Asmara,Eritrea
Eastern Africa,Eritrea,2012,64.84,0.8,4.41,26.86,37.0,42.23,21.0,51.5,21.1,36.37,787.6,42.35,3252596,ERI,Eritrea,Asmara,Eritrea
Eastern Africa,Eritrea,2013,65.07,0.8,4.34,27.23,36.0,42.09,20.6,49.8,21.34,36.98,864.81,43.49,3296367,ERI,Eritrea,Asmara,Eritrea
Eastern Africa,Eritrea,2014,65.6,0.7,4.27,27.46,35.0,42.12,20.2,48.1,22.07,37.59,898.9,44.63,3323425,ERI,Eritrea,Asmara,Eritrea
Eastern Africa,Eritrea,2015,66.03,0.7,4.22,27.58,34.0,42.22,19.7,46.4,23.33,38.21,870.45,45.77,3340006,ERI,Eritrea,Asmara,Eritrea
Eastern Africa,Eritrea,2016,66.29,0.7,4.16,27.79,33.1,42.17,19.3,44.9,24.08,38.83,842.37,46.9,3365287,ERI,Eritrea,Asmara,Eritrea
Eastern Africa,Eritrea,2017,66.58,0.6,4.11,28.06,32.2,41.99,18.9,43.4,24.55,39.45,888.66,48.02,3396933,ERI,Eritrea,Asmara,Eritrea
Eastern Africa,Eritrea,2018,67.07,0.6,4.06,28.46,31.4,41.56,18.5,41.9,24.79,40.08,961.4,49.15,3445374,ERI,Eritrea,Asmara,Eritrea
Eastern Africa,Eritrea,2019,67.3,0.6,4.0,28.9,30.5,41.03,18.1,40.6,25.48,40.71,969.9,50.27,3498818,ERI,Eritrea,Asmara,Eritrea
Eastern Africa,Eritrea,2020,67.13,0.5,3.93,29.38,29.7,40.42,17.7,39.3,26.8,41.35,964.4,51.39,3555868,ERI,Eritrea,Asmara,Eritrea
Eastern Africa,Eritrea,2021,66.54,0.5,3.87,29.91,28.9,39.78,17.3,38.1,27.35,41.98,1020.54,52.51,3620312,ERI,Eritrea,Asmara,Eritrea
Eastern Africa,Ethiopia,2011,60.72,1.3,5.05,81.36,51.9,44.6,36.8,77.7,20.3,17.74,348.0,23.0,91817929,ETH,Ethiopia,Addis Abeba,Ethiopia
Eastern Africa,Ethiopia,2012,61.54,1.3,4.88,83.69,49.5,44.09,35.6,73.6,18.9,18.16,458.55,29.02,94451280,ETH,Ethiopia,Addis Abeba,Ethiopia
Eastern Africa,Ethiopia,2013,62.37,1.2,4.72,86.02,47.3,43.57,34.4,69.6,17.3,18.58,490.79,30.78,97084366,ETH,Ethiopia,Addis Abeba,Ethiopia
Eastern Africa,Ethiopia,2014,62.9,1.2,4.61,88.39,45.2,43.04,33.1,65.9,15.6,19.0,557.53,27.2,99746766,ETH,Ethiopia,Addis Abeba,Ethiopia
Eastern Africa,Ethiopia,2015,63.65,1.1,4.53,90.8,43.2,42.52,32.0,62.4,14.5,19.43,630.31,29.0,102471895,ETH,Ethiopia,Addis Abeba,Ethiopia
Eastern Africa,Ethiopia,2016,64.39,1.1,4.47,93.3,41.3,42.02,30.8,59.0,14.1,19.87,705.62,42.9,105293228,ETH,Ethiopia,Addis Abeba,Ethiopia
Eastern Africa,Ethiopia,2017,64.84,1.0,4.39,95.87,39.6,41.53,29.7,56.0,15.5,20.31,755.75,44.3,108197950,ETH,Ethiopia,Addis Abeba,Ethiopia
Eastern Africa,Ethiopia,2018,65.41,1.0,4.34,98.47,38.0,41.08,28.7,53.2,18.0,20.76,758.3,44.84,111129438,ETH,Ethiopia,Addis Abeba,Ethiopia
Eastern Africa,Ethiopia,2019,65.84,0.9,4.32,101.12,36.6,40.69,27.8,50.9,20.7,21.22,840.45,48.05,114120594,ETH,Ethiopia,Addis Abeba,Ethiopia
Eastern Africa,Ethiopia,2020,65.37,0.9,4.24,103.84,35.4,40.31,27.0,48.7,22.3,21.7,918.65,51.14,117190911,ETH,Ethiopia,Addis Abeba,Ethiopia
Eastern Africa,Ethiopia,2021,64.97,0.8,4.16,106.58,34.3,39.96,26.2,46.8,21.9,22.17,925.0,54.19,120283026,ETH,Ethiopia,Addis Abeba,Ethiopia
Eastern Africa,Kenya,2011,61.05,5.6,4.22,74.91,37.5,43.05,22.7,53.9,19.2,23.97,1099.32,36.16,42635144,KEN,Kenya,Nairobi,Kenya
Eastern Africa,Kenya,2012,61.12,5.5,4.09,76.83,37.1,42.75,22.3,52.2,18.3,24.38,1289.78,38.13,43725806,KEN,Kenya,Nairobi,Kenya
Eastern Africa,Kenya,2013,61.39,5.3,3.95,78.7,36.0,42.4,21.9,50.1,18.1,24.79,1376.83,40.09,44792368,KEN,Kenya,Nairobi,Kenya
Eastern Africa,Kenya,2014,61.82,5.2,3.84,80.53,34.7,42.0,21.5,48.1,18.3,25.22,1489.92,36.0,45831863,KEN,Kenya,Nairobi,Kenya
Eastern Africa,Kenya,2015,61.89,5.0,3.8,82.32,33.1,41.57,21.1,45.9,20.0,25.66,1496.65,41.6,46851488,KEN,Kenya,Nairobi,Kenya
Eastern Africa,Kenya,2016,62.16,4.9,3.72,84.15,32.2,41.11,20.6,43.8,21.5,26.1,1562.08,53.1,47894670,KEN,Kenya,Nairobi,Kenya
Eastern Africa,Kenya,2017,62.48,4.7,3.64,86.0,31.6,40.6,20.2,42.4,22.8,26.56,1675.99,55.83,48948137,KEN,Kenya,Nairobi,Kenya
Eastern Africa,Kenya,2018,62.68,4.5,3.58,87.77,30.6,40.08,19.8,40.8,22.2,27.03,1845.78,61.18,49953304,KEN,Kenya,Nairobi,Kenya
Eastern Africa,Kenya,2019,62.94,4.4,3.47,89.52,29.7,39.53,19.4,39.4,23.0,27.51,1970.08,69.7,50951450,KEN,Kenya,Nairobi,Kenya
Eastern Africa,Kenya,2020,62.68,4.2,3.4,91.34,29.0,38.97,19.0,38.6,24.7,28.0,1936.25,71.49,51985780,KEN,Kenya,Nairobi,Kenya
Eastern Africa,Kenya,2021,61.43,4.0,3.34,93.13,28.0,38.4,18.4,37.2,27.8,28.49,2069.66,76.54,53005614,KEN,Kenya,Nairobi,Kenya
Eastern Africa,Madagascar,2011,63.49,0.1,4.61,38.41,47.1,42.86,24.8,69.2,27.2,32.58,516.9,14.3,22348158,MDG,Madagascar,Antananarivo,Madagascar
Eastern Africa,Madagascar,2012,63.54,0.2,4.47,39.47,46.3,42.48,24.6,68.0,29.3,33.23,504.17,18.7,22966240,MDG,Madagascar,Antananarivo,Madagascar
Eastern Africa,Madagascar,2013,63.96,0.2,4.36,40.54,45.8,42.09,24.3,67.0,33.0,33.88,526.69,12.9,23588073,MDG,Madagascar,Antananarivo,Madagascar
Eastern Africa,Madagascar,2014,64.26,0.2,4.25,41.62,45.5,41.7,24.2,66.4,37.7,34.53,517.14,22.98,24215976,MDG,Madagascar,Antananarivo,Madagascar
Eastern Africa,Madagascar,2015,64.34,0.2,4.18,42.71,45.2,41.33,24.1,66.0,40.4,35.19,455.64,23.76,24850912,MDG,Madagascar,Antananarivo,Madagascar
Eastern Africa,Madagascar,2016,65.0,0.2,4.16,43.83,45.1,40.99,24.1,65.8,41.9,35.86,464.62,22.9,25501941,MDG,Madagascar,Antananarivo,Madagascar
Eastern Africa,Madagascar,2017,65.09,0.3,4.11,44.98,45.1,40.67,24.0,65.7,42.8,36.52,503.5,24.1,26169542,MDG,Madagascar,Antananarivo,Madagascar
Eastern Africa,Madagascar,2018,65.27,0.3,4.04,46.14,45.2,40.36,24.0,65.8,44.7,37.19,512.54,36.5,26846541,MDG,Madagascar,Antananarivo,Madagascar
Eastern Africa,Madagascar,2019,65.88,0.3,3.98,47.32,45.3,40.04,24.1,66.1,47.1,37.86,512.28,31.04,27533134,MDG,Madagascar,Antananarivo,Madagascar
Eastern Africa,Madagascar,2020,65.18,0.3,3.92,48.51,45.3,39.72,24.1,66.1,49.5,38.53,462.4,32.0,28225177,MDG,Madagascar,Antananarivo,Madagascar
Eastern Africa,Madagascar,2021,64.48,0.4,3.85,49.7,45.3,39.4,24.1,66.0,51.0,39.21,503.35,35.12,28915653,MDG,Madagascar,Antananarivo,Madagascar
Eastern Africa,Malawi,2011,57.46,10.6,5.11,160.65,48.5,46.58,25.6,76.9,12.1,15.67,769.05,7.6,15146094,MWI,Malawi,Lilongwe,Malawi
Eastern Africa,Malawi,2012,58.68,10.4,4.92,165.27,45.6,46.55,24.8,70.5,12.4,15.81,563.06,7.4,15581251,MWI,Malawi,Lilongwe,Malawi
Eastern Africa,Malawi,2013,59.73,10.2,4.78,169.97,42.8,46.44,23.9,64.5,12.9,15.97,501.2,9.0,16024775,MWI,Malawi,Lilongwe,Malawi
Eastern Africa,Malawi,2014,60.9,10.0,4.61,174.78,40.4,46.25,23.1,59.8,13.3,16.13,534.13,11.9,16477966,MWI,Malawi,Lilongwe,Malawi
Eastern Africa,Malawi,2015,61.38,9.7,4.45,179.67,38.6,45.99,22.4,56.6,13.9,16.31,544.28,10.8,16938942,MWI,Malawi,Lilongwe,Malawi
Eastern Africa,Malawi,2016,62.21,9.5,4.31,184.62,36.9,45.66,21.8,53.5,14.3,16.51,454.44,11.0,17405624,MWI,Malawi,Lilongwe,Malawi
Eastern Africa,Malawi,2017,62.98,9.2,4.22,189.66,35.5,45.26,21.2,50.7,15.1,16.71,500.17,12.7,17881167,MWI,Malawi,Lilongwe,Malawi
Eastern Africa,Malawi,2018,63.28,8.8,4.14,194.82,34.2,44.8,20.7,47.8,15.7,16.94,537.93,18.02,18367883,MWI,Malawi,Lilongwe,Malawi
Eastern Africa,Malawi,2019,64.12,8.4,4.07,200.12,33.0,44.29,20.2,45.6,16.5,17.17,584.36,11.2,18867337,MWI,Malawi,Lilongwe,Malawi
Eastern Africa,Malawi,2020,63.72,8.1,4.0,205.53,32.1,43.73,19.8,43.5,17.2,17.43,622.18,11.5,19377061,MWI,Malawi,Lilongwe,Malawi
Eastern Africa,Malawi,2021,62.9,7.7,3.92,210.96,31.2,43.16,19.3,41.9,17.8,17.7,633.61,14.19,19889742,MWI,Malawi,Lilongwe,Malawi
Eastern Africa,Mauritius,2011,73.27,1.5,1.55,627.14,12.7,21.45,9.4,14.8,5.1,41.44,9197.04,99.6,1252404,MUS,Mauritius,Port Louis,Mauritius
Eastern Africa,Mauritius,2012,73.86,1.5,1.54,628.88,12.9,20.99,9.4,14.9,5.4,41.33,9291.24,99.37,1255882,MUS,Mauritius,Port Louis,Mauritius
Eastern Africa,Mauritius,2013,74.02,1.6,1.44,630.41,13.0,20.55,9.4,14.9,5.6,41.22,9764.64,99.4,1258927,MUS,Mauritius,Port Louis,Mauritius
Eastern Africa,Mauritius,2014,74.19,1.6,1.43,631.55,12.9,20.06,9.3,14.8,5.7,41.11,10366.36,99.47,1261208,MUS,Mauritius,Port Louis,Mauritius
Eastern Africa,Mauritius,2015,74.35,1.5,1.36,632.39,12.9,19.52,9.1,14.6,5.9,41.0,9507.87,99.57,1262879,MUS,Mauritius,Port Louis,Mauritius
Eastern Africa,Mauritius,2016,74.39,1.5,1.4,632.82,12.9,18.99,9.1,14.6,6.1,40.91,9965.73,99.69,1263747,MUS,Mauritius,Port Louis,Mauritius
Eastern Africa,Mauritius,2017,74.51,1.5,1.44,633.39,13.3,18.49,9.3,14.9,6.2,40.84,10841.68,99.61,1264887,MUS,Mauritius,Port Louis,Mauritius
Eastern Africa,Mauritius,2018,74.42,1.5,1.41,633.74,13.8,17.99,9.7,15.4,5.9,40.79,11643.46,99.79,1265577,MUS,Mauritius,Port Louis,Mauritius
Eastern Africa,Mauritius,2019,74.24,1.4,1.4,633.94,14.5,17.5,10.1,15.9,6.6,40.77,11403.25,100.0,1265985,MUS,Mauritius,Port Louis,Mauritius
Eastern Africa,Mauritius,2020,74.18,1.4,1.44,633.96,14.9,17.03,10.4,16.3,6.9,40.76,9011.04,99.46,1266014,MUS,Mauritius,Port Louis,Mauritius
Eastern Africa,Mauritius,2021,73.68,1.4,1.41,634.12,15.3,16.64,10.6,16.6,6.8,40.78,9068.98,99.6,1266334,MUS,Mauritius,Port Louis,Mauritius
Eastern Africa,Mozambique,2011,54.87,4.09,5.55,30.21,67.8,45.48,33.5,100.6,16.0,32.34,615.28,20.2,23760421,MOZ,Mozambique,Maputo,Mozambique
Eastern Africa,Mozambique,2012,55.64,4.04,5.45,31.14,65.4,45.45,32.9,96.4,17.2,32.85,681.49,21.21,24487611,MOZ,Mozambique,Maputo,Mozambique
Eastern Africa,Mozambique,2013,56.49,3.96,5.34,32.11,63.4,45.35,32.4,92.1,23.5,33.36,681.07,22.41,25251731,MOZ,Mozambique,Maputo,Mozambique
Eastern Africa,Mozambique,2014,57.27,3.91,5.13,33.11,61.9,45.18,31.8,88.3,31.2,33.88,690.44,24.8,26038704,MOZ,Mozambique,Maputo,Mozambique
Eastern Africa,Mozambique,2015,58.15,3.8,5.06,34.14,60.4,44.96,31.2,84.0,39.5,34.4,603.84,24.0,26843246,MOZ,Mozambique,Maputo,Mozambique
Eastern Africa,Mozambique,2016,59.04,3.75,4.99,35.22,58.9,44.71,30.5,80.8,40.7,34.93,435.76,26.22,27696493,MOZ,Mozambique,Maputo,Mozambique
Eastern Africa,Mozambique,2017,59.77,3.65,4.92,36.33,56.7,44.46,29.9,78.4,35.5,35.46,464.29,24.3,28569441,MOZ,Mozambique,Maputo,Mozambique
Eastern Africa,Mozambique,2018,60.53,3.56,4.85,37.42,55.2,44.26,29.4,76.3,29.5,35.99,510.38,31.1,29423878,MOZ,Mozambique,Maputo,Mozambique
Eastern Africa,Mozambique,2019,61.17,3.43,4.78,38.51,53.6,44.06,28.7,73.5,27.0,36.53,512.22,29.69,30285595,MOZ,Mozambique,Maputo,Mozambique
Eastern Africa,Mozambique,2020,61.17,3.32,4.71,39.65,52.5,43.86,28.1,71.6,29.5,37.07,456.58,30.61,31178239,MOZ,Mozambique,Maputo,Mozambique
Eastern Africa,Mozambique,2021,59.32,3.18,4.64,40.79,51.0,43.68,27.5,69.6,30.5,37.63,504.04,31.49,32077072,MOZ,Mozambique,Maputo,Mozambique
Eastern Africa,Rwanda,2011,63.26,3.3,4.36,428.74,40.8,41.93,22.3,58.6,33.0,16.94,650.99,10.8,10576932,RWA,Rwanda,Kigali,Rwanda
Eastern Africa,Rwanda,2012,64.01,3.2,4.23,439.41,39.0,41.74,21.5,55.2,33.0,16.94,706.2,17.5,10840334,RWA,Rwanda,Kigali,Rwanda
Eastern Africa,Rwanda,2013,64.43,3.1,4.16,449.99,37.3,41.59,20.8,52.2,33.1,16.95,704.49,15.2,11101350,RWA,Rwanda,Kigali,Rwanda
Eastern Africa,Rwanda,2014,64.94,3.1,4.11,460.82,35.8,41.41,20.3,49.8,33.0,16.97,724.79,19.8,11368451,RWA,Rwanda,Kigali,Rwanda
Eastern Africa,Rwanda,2015,65.3,3.0,4.08,471.95,34.7,41.17,19.8,47.7,32.6,17.0,733.89,22.8,11642959,RWA,Rwanda,Kigali,Rwanda
Eastern Africa,Rwanda,2016,65.74,2.9,4.06,483.62,33.8,40.86,19.4,46.1,31.5,17.06,728.87,29.37,11930899,RWA,Rwanda,Kigali,Rwanda
Eastern Africa,Rwanda,2017,65.94,2.8,4.03,495.76,32.9,40.51,19.0,44.6,31.4,17.12,756.55,34.1,12230339,RWA,Rwanda,Kigali,Rwanda
Eastern Africa,Rwanda,2018,66.25,2.7,3.99,507.98,32.1,40.15,18.6,43.4,31.8,17.21,768.94,37.96,12531808,RWA,Rwanda,Kigali,Rwanda
Eastern Africa,Rwanda,2019,66.44,2.6,3.94,520.27,31.2,39.76,18.3,42.1,32.7,17.31,806.1,46.6,12835028,RWA,Rwanda,Kigali,Rwanda
Eastern Africa,Rwanda,2020,66.77,2.5,3.87,532.89,30.4,39.33,17.9,40.7,32.4,17.43,773.77,45.19,13146362,RWA,Rwanda,Kigali,Rwanda
Eastern Africa,Rwanda,2021,66.07,2.3,3.82,545.68,29.7,38.89,17.5,39.4,31.6,17.57,821.17,48.7,13461888,RWA,Rwanda,Kigali,Rwanda
Eastern Africa,Seychelles,2011,72.72,4.09,2.33,190.09,12.3,23.82,8.9,14.3,5.0,53.72,12113.88,98.08,87441,SYC,Seychelles,Victoria,Seychelles
Eastern Africa,Seychelles,2012,74.28,4.04,2.37,191.96,12.4,23.57,8.9,14.4,5.6,54.12,12342.51,98.3,88303,SYC,Seychelles,Victoria,Seychelles
Eastern Africa,Seychelles,2013,73.12,3.96,2.26,195.54,12.4,23.48,8.9,14.4,5.7,54.54,14729.63,98.0,89949,SYC,Seychelles,Victoria,Seychelles
Eastern Africa,Seychelles,2014,73.23,3.91,2.25,198.61,12.5,23.39,9.0,14.5,5.7,54.97,15188.17,100.0,91359,SYC,Seychelles,Victoria,Seychelles
Eastern Africa,Seychelles,2015,74.3,3.8,2.31,203.08,12.5,23.33,9.0,14.5,5.2,55.4,14894.49,100.0,93419,SYC,Seychelles,Victoria,Seychelles
Eastern Africa,Seychelles,2016,74.31,3.75,2.39,205.82,12.5,23.33,9.0,14.6,4.7,55.83,15409.8,100.0,94677,SYC,Seychelles,Victoria,Seychelles
Eastern Africa,Seychelles,2017,74.3,3.65,2.41,208.35,12.6,23.37,9.0,14.6,4.3,56.26,15961.24,100.0,95843,SYC,Seychelles,Victoria,Seychelles
Eastern Africa,Seychelles,2018,72.84,3.56,2.41,210.35,12.5,23.36,9.0,14.5,4.0,56.69,16411.92,100.0,96762,SYC,Seychelles,Victoria,Seychelles
Eastern Africa,Seychelles,2019,74.05,3.43,2.36,212.23,12.4,23.32,9.0,14.4,4.0,57.12,16851.12,100.0,97625,SYC,Seychelles,Victoria,Seychelles
Eastern Africa,Seychelles,2020,77.24,3.32,2.29,214.05,12.2,23.24,8.8,14.2,3.5,57.55,12020.02,100.0,98462,SYC,Seychelles,Victoria,Seychelles
Eastern Africa,Seychelles,2021,73.4,3.18,2.46,215.78,12.0,23.16,8.6,13.9,4.3,57.97,12963.06,100.0,99258,SYC,Seychelles,Victoria,Seychelles
Eastern Africa,Somalia,2011,51.3,0.2,7.26,19.47,93.7,48.17,42.8,152.7,68.0,41.0,736.28,52.01,12216837,SOM,Somalia,Mogadishu,Somalia
Eastern Africa,Somalia,2012,53.16,0.2,7.2,19.83,91.2,48.07,42.1,148.1,64.2,41.56,787.6,51.76,12440326,SOM,Somalia,Mogadishu,Somalia
Eastern Africa,Somalia,2013,53.84,0.1,7.13,20.49,88.6,47.99,41.3,143.4,60.4,42.12,454.08,51.55,12852485,SOM,Somalia,Mogadishu,Somalia
Eastern Africa,Somalia,2014,54.28,0.1,7.06,21.22,86.2,47.9,40.7,138.9,58.7,42.68,491.19,51.38,13309235,SOM,Somalia,Mogadishu,Somalia
Eastern Africa,Somalia,2015,54.86,0.1,6.98,21.94,83.7,47.82,40.0,134.5,58.2,43.24,507.48,51.24,13763906,SOM,Somalia,Mogadishu,Somalia
Eastern Africa,Somalia,2016,55.04,0.1,6.89,22.78,81.4,47.75,39.3,130.3,57.7,43.82,517.1,51.12,14292847,SOM,Somalia,Mogadishu,Somalia
Eastern Africa,Somalia,2017,55.65,0.1,6.74,23.69,79.1,47.66,38.5,126.1,56.6,44.39,555.19,52.1,14864221,SOM,Somalia,Mogadishu,Somalia
Eastern Africa,Somalia,2018,56.38,0.1,6.63,24.57,77.1,47.55,37.8,122.5,54.0,44.97,537.16,50.73,15411094,SOM,Somalia,Mogadishu,Somalia
Eastern Africa,Somalia,2019,57.08,0.1,6.53,25.47,74.9,47.44,37.2,118.6,51.9,45.55,589.47,49.2,15981300,SOM,Somalia,Mogadishu,Somalia
Eastern Africa,Somalia,2020,55.97,0.1,6.42,26.36,72.9,47.34,36.6,114.9,49.9,46.14,556.58,49.86,16537016,SOM,Somalia,Mogadishu,Somalia
Eastern Africa,Somalia,2021,55.28,0.1,6.31,27.2,71.1,47.25,36.0,111.8,48.7,46.73,576.52,49.32,17065581,SOM,Somalia,Mogadishu,Somalia
Eastern Africa,South Sudan,2011,54.94,1.9,5.29,93.26,67.0,42.34,41.8,104.5,21.58,18.03,1455.36,2.78,10243050,SSD,South Sudan,Juba,South Sudan
Eastern Africa,South Sudan,2012,55.86,1.9,5.2,16.93,65.1,42.07,40.9,101.0,21.1,18.22,1114.92,3.3,10701604,SSD,South Sudan,Juba,South Sudan
Eastern Africa,South Sudan,2013,55.75,1.9,5.11,17.57,64.0,42.02,40.5,99.2,21.34,18.42,1659.14,3.81,11106031,SSD,South Sudan,Juba,South Sudan
Eastern Africa,South Sudan,2014,54.97,1.9,5.02,17.74,63.8,42.71,40.3,98.7,22.07,18.63,1245.15,4.31,11213284,SSD,South Sudan,Juba,South Sudan
Eastern Africa,South Sudan,2015,55.57,1.9,4.94,17.71,63.8,43.53,40.1,98.7,23.33,18.85,1071.78,4.81,11194299,SSD,South Sudan,Juba,South Sudan
Eastern Africa,South Sudan,2016,55.54,2.0,4.86,17.51,63.8,44.45,40.0,98.7,24.08,19.09,842.37,5.3,11066105,SSD,South Sudan,Juba,South Sudan
Eastern Africa,South Sudan,2017,55.31,2.0,4.78,16.87,63.8,46.02,39.9,98.7,24.55,19.35,888.66,4.2,10658226,SSD,South Sudan,Juba,South Sudan
Eastern Africa,South Sudan,2018,55.95,2.0,4.7,16.45,63.8,46.85,39.8,98.7,24.79,19.61,961.4,6.29,10395329,SSD,South Sudan,Juba,South Sudan
Eastern Africa,South Sudan,2019,55.91,2.0,4.62,16.53,63.8,46.38,39.8,98.7,25.48,19.9,969.9,6.77,10447666,SSD,South Sudan,Juba,South Sudan
Eastern Africa,South Sudan,2020,55.48,2.1,4.54,16.78,63.8,45.5,39.8,98.7,20.8,20.2,964.4,7.26,10606227,SSD,South Sudan,Juba,South Sudan
Eastern Africa,South Sudan,2021,54.98,2.1,4.47,17.01,63.8,44.71,39.6,98.7,21.4,20.51,1020.54,7.75,10748272,SSD,South Sudan,Juba,South Sudan
Eastern Africa,Tanzania,2011,61.05,5.3,5.21,52.4,45.5,45.07,24.6,68.2,21.7,28.8,768.93,14.2,46416031,TZA,Tanzania,Dodoma,Tanzania
Eastern Africa,Tanzania,2012,62.03,5.2,5.1,53.95,44.1,45.02,24.1,65.2,20.7,29.49,854.54,15.3,47786137,TZA,Tanzania,Dodoma,Tanzania
Eastern Africa,Tanzania,2013,62.96,5.2,5.12,55.6,43.0,44.97,23.6,62.5,20.3,30.2,954.66,16.4,49253643,TZA,Tanzania,Dodoma,Tanzania
Eastern Africa,Tanzania,2014,63.87,5.2,5.12,57.37,41.9,44.91,23.1,59.8,20.2,30.9,1013.43,23.5,50814552,TZA,Tanzania,Dodoma,Tanzania
Eastern Africa,Tanzania,2015,64.65,5.1,5.09,59.32,41.0,44.85,22.6,58.0,20.5,31.62,929.8,26.22,52542823,TZA,Tanzania,Dodoma,Tanzania
Eastern Africa,Tanzania,2016,65.39,5.1,5.03,61.42,39.7,44.75,22.1,55.8,21.1,32.33,942.89,32.8,54401802,TZA,Tanzania,Dodoma,Tanzania
Eastern Africa,Tanzania,2017,66.0,5.0,4.99,63.52,38.2,44.59,21.7,53.9,21.8,33.05,975.9,32.1,56267032,TZA,Tanzania,Dodoma,Tanzania
Eastern Africa,Tanzania,2018,66.54,4.9,4.92,65.58,36.8,44.39,21.3,51.9,22.2,33.78,1011.6,34.93,58090443,TZA,Tanzania,Dodoma,Tanzania
Eastern Africa,Tanzania,2019,66.99,4.8,4.86,67.59,35.9,44.15,20.8,50.4,22.3,34.5,1050.93,37.7,59872579,TZA,Tanzania,Dodoma,Tanzania
Eastern Africa,Tanzania,2020,66.41,4.6,4.8,69.66,34.9,43.88,20.4,49.0,22.2,35.23,1104.16,39.9,61704518,TZA,Tanzania,Dodoma,Tanzania
Eastern Africa,Tanzania,2021,66.2,4.5,4.73,71.79,34.1,43.61,20.0,47.1,23.5,35.95,1146.03,42.74,63588334,TZA,Tanzania,Dodoma,Tanzania
Eastern Africa,Uganda,2011,57.96,6.3,5.94,166.05,47.1,49.7,24.9,71.6,18.0,19.9,837.1,14.6,33295738,UGA,Uganda,Kampala,Uganda
Eastern Africa,Uganda,2012,58.82,6.2,5.78,170.92,44.5,49.49,24.3,66.7,19.3,20.42,796.71,20.47,34273295,UGA,Uganda,Kampala,Uganda
Eastern Africa,Uganda,2013,59.76,6.2,5.62,175.91,42.7,49.24,23.7,62.5,21.3,20.96,819.76,13.9,35273570,UGA,Uganda,Kampala,Uganda
Eastern Africa,Uganda,2014,60.41,6.1,5.46,181.21,41.0,48.92,23.0,59.1,24.7,21.5,897.51,20.4,36336539,UGA,Uganda,Kampala,Uganda
Eastern Africa,Uganda,2015,61.09,6.0,5.31,186.9,39.3,48.5,22.3,56.0,30.2,22.06,864.18,18.5,37477356,UGA,Uganda,Kampala,Uganda
Eastern Africa,Uganda,2016,61.65,5.9,5.17,193.24,37.6,47.95,21.6,52.7,34.2,22.62,753.68,26.7,38748299,UGA,Uganda,Kampala,Uganda
Eastern Africa,Uganda,2017,62.12,5.8,5.05,200.12,36.0,47.33,21.0,50.2,35.5,23.2,766.18,32.39,40127085,UGA,Uganda,Kampala,Uganda
Eastern Africa,Uganda,2018,62.71,5.7,4.93,207.04,34.4,46.76,20.5,47.7,34.1,23.77,793.13,41.92,41515395,UGA,Uganda,Kampala,Uganda
Eastern Africa,Uganda,2019,62.99,5.5,4.81,214.19,33.2,46.2,20.0,45.6,32.5,24.36,823.02,41.3,42949080,UGA,Uganda,Kampala,Uganda
Eastern Africa,Uganda,2020,62.85,5.4,4.69,221.45,32.1,45.67,19.5,43.7,31.5,24.95,846.88,42.14,44404611,UGA,Uganda,Kampala,Uganda
Eastern Africa,Uganda,2021,62.7,5.2,4.58,228.67,31.2,45.19,19.0,42.1,31.6,25.55,883.47,45.22,45853778,UGA,Uganda,Kampala,Uganda
Eastern Africa,Zambia,2011,57.77,13.1,5.27,19.19,50.2,46.41,26.7,76.5,40.2,39.85,1644.46,28.32,14265814,ZMB,Zambia,Lusaka,Zambia
Eastern Africa,Zambia,2012,58.87,13.0,5.15,19.83,49.3,46.24,26.6,74.5,38.6,40.35,1729.65,29.19,14744658,ZMB,Zambia,Lusaka,Zambia
Eastern Africa,Zambia,2013,59.88,12.9,5.03,20.49,48.1,46.04,26.4,72.0,36.7,40.86,1840.32,30.05,15234976,ZMB,Zambia,Lusaka,Zambia
Eastern Africa,Zambia,2014,60.7,12.8,4.9,21.17,47.2,45.79,26.3,69.5,35.0,41.38,1724.58,27.9,15737793,ZMB,Zambia,Lusaka,Zambia
Eastern Africa,Zambia,2015,61.21,12.6,4.79,21.86,47.2,45.5,26.2,68.2,33.0,41.91,1307.91,31.1,16248230,ZMB,Zambia,Lusaka,Zambia
Eastern Africa,Zambia,2016,61.79,12.4,4.71,22.56,45.6,45.19,26.1,65.3,31.2,42.44,1249.92,35.38,16767761,ZMB,Zambia,Lusaka,Zambia
Eastern Africa,Zambia,2017,62.12,12.2,4.61,23.27,44.2,44.86,25.9,64.2,29.4,42.98,1495.75,40.3,17298054,ZMB,Zambia,Lusaka,Zambia
Eastern Africa,Zambia,2018,62.34,12.0,4.54,23.99,43.6,44.5,25.7,64.2,28.8,43.52,1475.2,40.23,17835893,ZMB,Zambia,Lusaka,Zambia
Eastern Africa,Zambia,2019,62.79,11.6,4.45,24.73,42.4,44.1,25.4,62.6,29.2,44.07,1268.12,43.0,18380477,ZMB,Zambia,Lusaka,Zambia
Eastern Africa,Zambia,2020,62.38,11.2,4.38,25.46,41.1,43.68,25.0,59.7,30.0,44.63,956.83,44.6,18927715,ZMB,Zambia,Lusaka,Zambia
Eastern Africa,Zambia,2021,61.22,10.8,4.31,26.2,40.2,43.26,24.6,57.7,29.8,45.19,1134.71,46.69,19473125,ZMB,Zambia,Lusaka,Zambia
Eastern Africa,Zimbabwe,2011,53.35,15.2,4.1,33.67,51.4,43.38,31.1,80.6,25.1,33.02,1082.62,36.9,13025785,ZWE,Zimbabwe,Harare,Zimbabwe
Eastern Africa,Zimbabwe,2012,55.63,14.9,4.1,34.29,47.0,43.45,30.1,72.1,25.1,32.83,1290.19,44.0,13265331,ZWE,Zimbabwe,Harare,Zimbabwe
Eastern Africa,Zimbabwe,2013,57.46,14.7,4.06,35.04,45.2,43.37,29.2,66.2,27.0,32.65,1408.37,40.64,13555422,ZWE,Zimbabwe,Harare,Zimbabwe
Eastern Africa,Zimbabwe,2014,58.85,14.5,3.96,35.82,43.2,43.17,28.5,62.6,30.0,32.5,1407.03,32.3,13855753,ZWE,Zimbabwe,Harare,Zimbabwe
Eastern Africa,Zimbabwe,2015,59.59,14.2,3.85,36.59,42.1,42.87,27.9,60.5,32.6,32.38,1410.33,33.7,14154937,ZWE,Zimbabwe,Harare,Zimbabwe
Eastern Africa,Zimbabwe,2016,60.31,13.8,3.77,37.36,40.6,42.52,27.5,57.9,35.1,32.3,1421.79,42.47,14452704,ZWE,Zimbabwe,Harare,Zimbabwe
Eastern Africa,Zimbabwe,2017,60.71,13.4,3.71,38.13,39.5,42.15,27.1,56.2,36.3,32.24,1192.11,43.98,14751101,ZWE,Zimbabwe,Harare,Zimbabwe
Eastern Africa,Zimbabwe,2018,61.41,13.0,3.66,38.91,38.0,41.8,26.6,53.7,38.2,32.21,2269.18,45.4,15052184,ZWE,Zimbabwe,Harare,Zimbabwe
Eastern Africa,Zimbabwe,2019,61.29,12.5,3.6,39.69,37.1,41.47,26.1,52.7,38.9,32.21,1421.87,46.68,15354608,ZWE,Zimbabwe,Harare,Zimbabwe
Eastern Africa,Zimbabwe,2020,61.12,12.1,3.54,40.51,36.6,41.16,25.5,51.8,39.1,32.24,1372.7,52.75,15669666,ZWE,Zimbabwe,Harare,Zimbabwe
Eastern Africa,Zimbabwe,2021,59.25,11.6,3.49,41.34,35.7,40.89,25.0,49.5,38.4,32.3,1773.92,48.98,15993524,ZWE,Zimbabwe,Harare,Zimbabwe
Middle Africa,Angola,2011,57.6,1.9,6.12,19.46,71.4,45.75,35.3,112.2,14.2,60.53,4608.16,34.6,24259111,AGO,Angola,Luanda,Angola
Middle Africa,Angola,2012,58.62,1.9,6.04,20.2,67.2,45.75,34.0,104.9,13.3,61.27,5083.83,37.26,25188292,AGO,Angola,Luanda,Angola
Middle Africa,Angola,2013,59.31,1.9,5.95,20.97,63.5,45.76,32.8,98.3,12.7,62.0,5061.35,38.4,26147002,AGO,Angola,Luanda,Angola
Middle Africa,Angola,2014,60.04,1.9,5.86,21.76,60.5,45.76,31.7,92.9,12.5,62.73,5011.98,32.0,27128337,AGO,Angola,Luanda,Angola
Middle Africa,Angola,2015,60.66,1.9,5.77,22.56,57.9,45.76,30.7,88.3,13.5,63.45,3217.34,42.0,28127721,AGO,Angola,Luanda,Angola
Middle Africa,Angola,2016,61.09,1.8,5.69,23.39,55.7,45.72,30.0,84.4,14.4,64.15,1809.71,41.79,29154746,AGO,Angola,Luanda,Angola
Middle Africa,Angola,2017,61.68,1.8,5.6,24.23,53.8,45.64,29.2,81.1,14.7,64.84,2439.37,42.91,30208628,AGO,Angola,Luanda,Angola
Middle Africa,Angola,2018,62.14,1.7,5.52,25.09,52.0,45.55,28.5,78.0,15.2,65.51,2540.51,45.29,31273533,AGO,Angola,Luanda,Angola
Middle Africa,Angola,2019,62.45,1.7,5.44,25.95,50.4,45.43,27.9,75.0,17.5,66.18,2191.35,45.63,32353588,AGO,Angola,Luanda,Angola
Middle Africa,Angola,2020,62.26,1.6,5.37,26.81,48.7,45.31,27.3,72.1,20.1,66.82,1450.91,46.96,33428486,AGO,Angola,Luanda,Angola
Middle Africa,Angola,2021,61.64,1.6,5.3,27.68,47.2,45.18,26.6,69.4,21.6,67.46,1927.47,48.22,34503774,AGO,Angola,Luanda,Angola
Middle Africa,Cameroon,2011,57.13,4.2,5.06,43.26,66.6,43.75,31.2,105.9,4.0,52.16,1497.93,53.7,20448873,CMR,Cameroon,Yaounde,Cameroon
Middle Africa,Cameroon,2012,57.79,4.1,4.99,44.49,64.3,43.7,30.7,101.5,3.7,52.77,1433.72,55.16,21032684,CMR,Cameroon,Yaounde,Cameroon
Middle Africa,Cameroon,2013,58.48,4.0,4.91,45.76,61.6,43.63,30.3,96.9,3.8,53.37,1559.14,56.32,21632850,CMR,Cameroon,Yaounde,Cameroon
Middle Africa,Cameroon,2014,58.94,3.8,4.86,47.17,59.5,43.46,29.8,92.5,4.1,53.98,1631.71,56.8,22299585,CMR,Cameroon,Yaounde,Cameroon
Middle Africa,Cameroon,2015,59.66,3.7,4.83,48.68,57.1,43.26,29.2,88.1,4.4,54.58,1399.68,58.62,23012646,CMR,Cameroon,Yaounde,Cameroon
Middle Africa,Cameroon,2016,60.23,3.6,4.82,50.16,55.3,43.14,28.7,84.3,5.0,55.18,1426.07,59.76,23711630,CMR,Cameroon,Yaounde,Cameroon
Middle Africa,Cameroon,2017,60.81,3.4,4.77,51.6,53.2,43.06,28.0,80.8,5.6,55.78,1479.86,60.9,24393181,CMR,Cameroon,Yaounde,Cameroon
Middle Africa,Cameroon,2018,61.18,3.3,4.69,53.05,51.5,42.97,27.4,77.7,5.9,56.37,1594.06,62.2,25076747,CMR,Cameroon,Yaounde,Cameroon
Middle Africa,Cameroon,2019,61.58,3.1,4.62,54.54,50.1,42.81,26.8,75.1,5.8,56.97,1538.69,63.18,25782341,CMR,Cameroon,Yaounde,Cameroon
Middle Africa,Cameroon,2020,60.83,3.0,4.54,56.04,48.5,42.63,26.2,72.4,5.6,57.56,1539.13,64.31,26491087,CMR,Cameroon,Yaounde,Cameroon
Middle Africa,Cameroon,2021,60.33,2.9,4.46,57.54,47.0,42.43,25.6,69.8,6.4,58.15,1654.26,65.45,27198628,CMR,Cameroon,Yaounde,Cameroon
Middle Africa,Central African Republic,2011,49.95,4.7,5.96,7.6,89.3,46.33,35.7,126.4,34.9,39.14,515.21,10.44,4732022,CAF,Central African Republic,Bangui,Central African Republic
Middle Africa,Central African Republic,2012,50.69,4.5,6.01,7.66,87.8,46.89,35.3,123.3,37.4,39.39,525.87,10.97,4773306,CAF,Central African Republic,Bangui,Central African Republic
Middle Africa,Central African Republic,2013,50.9,4.2,6.02,7.71,86.9,47.49,34.9,121.1,42.1,39.66,352.23,11.5,4802428,CAF,Central African Republic,Bangui,Central African Republic
Middle Africa,Central African Republic,2014,50.57,4.0,6.02,7.7,85.3,48.27,34.6,118.6,46.9,39.96,394.86,12.04,4798734,CAF,Central African Republic,Bangui,Central African Republic
Middle Africa,Central African Republic,2015,52.79,3.8,6.04,7.74,83.7,48.75,34.3,115.5,49.1,40.28,351.88,12.71,4819333,CAF,Central African Republic,Bangui,Central African Republic
Middle Africa,Central African Republic,2016,53.46,3.6,6.04,7.87,82.4,48.7,33.9,112.7,48.0,40.62,372.14,13.4,4904177,CAF,Central African Republic,Bangui,Central African Republic
Middle Africa,Central African Republic,2017,53.72,3.4,6.05,8.02,81.7,48.64,33.6,110.9,46.7,40.98,414.74,14.07,4996741,CAF,Central African Republic,Bangui,Central African Republic
Middle Africa,Central African Republic,2018,54.37,3.2,6.04,8.18,80.3,48.58,33.2,108.8,44.5,41.36,435.93,14.64,5094780,CAF,Central African Republic,Bangui,Central African Republic
Middle Africa,Central African Republic,2019,55.02,3.1,6.01,8.36,78.6,48.43,32.8,105.9,44.8,41.77,426.41,14.3,5209324,CAF,Central African Republic,Bangui,Central African Republic
Middle Africa,Central African Republic,2020,54.6,2.9,5.98,8.58,77.2,48.21,32.4,103.0,45.7,42.2,435.47,15.41,5343020,CAF,Central African Republic,Bangui,Central African Republic
Middle Africa,Central African Republic,2021,53.9,2.7,5.98,8.76,75.4,48.18,31.9,99.9,48.7,42.65,461.14,15.68,5457154,CAF,Central African Republic,Bangui,Central African Republic
Middle Africa,Chad,2011,50.01,1.6,6.95,9.78,82.7,48.58,37.6,144.5,24.2,22.05,988.19,8.98,12317730,TCD,Chad,N'Djamena,Chad
Middle Africa,Chad,2012,50.54,1.5,6.9,10.13,81.0,48.53,37.2,140.6,23.8,22.14,969.62,7.79,12754906,TCD,Chad,N'Djamena,Chad
Middle Africa,Chad,2013,50.78,1.5,6.84,10.5,79.3,48.44,36.7,136.9,24.1,22.25,980.08,8.09,13216766,TCD,Chad,N'Djamena,Chad
Middle Africa,Chad,2014,51.2,1.4,6.78,10.88,77.8,48.33,36.2,133.3,25.5,22.37,1017.79,8.43,13697126,TCD,Chad,N'Djamena,Chad
Middle Africa,Chad,2015,51.59,1.4,6.71,11.23,76.1,48.35,35.6,129.5,26.2,22.52,774.41,7.7,14140274,TCD,Chad,N'Djamena,Chad
Middle Africa,Chad,2016,52.08,1.3,6.62,11.59,74.5,48.34,35.1,125.8,26.1,22.68,691.98,9.25,14592585,TCD,Chad,N'Djamena,Chad
Middle Africa,Chad,2017,52.31,1.3,6.54,11.98,72.7,48.23,34.5,121.9,26.0,22.86,662.9,10.9,15085884,TCD,Chad,N'Djamena,Chad
Middle Africa,Chad,2018,52.82,1.2,6.46,12.39,71.0,48.08,34.0,118.0,26.8,23.06,720.27,10.06,15604210,TCD,Chad,N'Djamena,Chad
Middle Africa,Chad,2019,53.26,1.2,6.41,12.81,69.3,47.94,33.4,114.3,28.1,23.28,701.62,8.4,16126866,TCD,Chad,N'Djamena,Chad
Middle Africa,Chad,2020,52.78,1.1,6.35,13.22,67.6,47.82,32.9,110.5,29.8,23.52,643.77,10.87,16644701,TCD,Chad,N'Djamena,Chad
Middle Africa,Chad,2021,52.52,1.1,6.26,13.64,66.0,47.66,32.3,107.1,31.4,23.78,685.69,11.27,17179740,TCD,Chad,N'Djamena,Chad
Middle Africa,Congo,2011,61.99,3.5,4.79,13.42,41.9,40.82,22.3,60.1,38.8,63.71,3415.06,40.82,4584216,COG,Republic of Congo,Brazzaville,"Congo, Rep."
Middle Africa,Congo,2012,62.32,3.5,4.75,13.8,40.9,41.13,22.0,58.2,35.8,64.17,3753.86,41.6,4713257,COG,Republic of Congo,Brazzaville,"Congo, Rep."
Middle Africa,Congo,2013,62.7,3.5,4.69,14.14,39.8,41.49,21.6,56.4,31.0,64.63,3719.65,42.5,4828066,COG,Republic of Congo,Brazzaville,"Congo, Rep."
Middle Africa,Congo,2014,62.95,3.5,4.63,14.48,38.8,41.78,21.3,54.6,27.9,65.08,3623.81,43.4,4944861,COG,Republic of Congo,Brazzaville,"Congo, Rep."
Middle Africa,Congo,2015,63.23,3.5,4.56,14.83,37.7,42.0,20.9,52.8,27.7,65.54,2455.35,44.33,5064386,COG,Republic of Congo,Brazzaville,"Congo, Rep."
Middle Africa,Congo,2016,63.58,3.6,4.49,15.19,36.7,42.11,20.4,51.0,28.5,66.0,2107.5,45.28,5186824,COG,Republic of Congo,Brazzaville,"Congo, Rep."
Middle Africa,Congo,2017,63.76,3.6,4.43,15.56,35.7,42.1,20.0,49.3,30.2,66.46,2227.72,46.21,5312340,COG,Republic of Congo,Brazzaville,"Congo, Rep."
Middle Africa,Congo,2018,64.05,3.6,4.37,15.93,34.8,42.03,19.6,47.7,30.8,66.92,2715.24,47.04,5441062,COG,Republic of Congo,Brazzaville,"Congo, Rep."
Middle Africa,Congo,2019,62.75,3.7,4.3,16.31,35.9,41.89,19.2,52.4,31.1,67.37,2508.94,47.73,5570733,COG,Republic of Congo,Brazzaville,"Congo, Rep."
Middle Africa,Congo,2020,63.78,3.8,4.23,16.7,32.9,41.67,18.7,44.5,32.0,67.83,2011.27,48.68,5702174,COG,Republic of Congo,Brazzaville,"Congo, Rep."
Middle Africa,Congo,2021,63.52,3.8,4.17,17.09,32.0,41.4,18.4,43.0,33.3,68.28,2540.47,49.66,5835806,COG,Republic of Congo,Brazzaville,"Congo, Rep."
Middle Africa,Democratic Republic of the Congo,2011,57.07,1.1,6.58,30.28,81.8,46.12,31.9,110.7,28.4,40.54,376.37,13.73,68654269,COD,Democratic Republic of the Congo,Kinshasa,"Congo, Dem. Rep."
Middle Africa,Democratic Republic of the Congo,2012,57.25,1.1,6.56,31.32,79.5,46.13,31.3,106.8,29.2,41.08,412.78,15.4,70997870,COD,Democratic Republic of the Congo,Kinshasa,"Congo, Dem. Rep."
Middle Africa,Democratic Republic of the Congo,2013,57.76,1.0,6.53,32.4,77.4,46.17,30.7,103.3,29.4,41.63,444.86,15.17,73460021,COD,Democratic Republic of the Congo,Kinshasa,"Congo, Dem. Rep."
Middle Africa,Democratic Republic of the Congo,2014,58.3,1.0,6.48,33.54,75.3,46.21,30.1,99.7,29.6,42.18,472.27,13.5,76035588,COD,Democratic Republic of the Congo,Kinshasa,"Congo, Dem. Rep."
Middle Africa,Democratic Republic of the Congo,2015,58.49,0.9,6.44,34.7,73.4,46.25,29.6,96.5,30.2,42.74,482.06,16.58,78656904,COD,Democratic Republic of the Congo,Kinshasa,"Congo, Dem. Rep."
Middle Africa,Democratic Republic of the Congo,2016,59.07,0.9,6.39,35.92,71.5,46.26,29.1,93.4,30.8,43.31,456.03,17.29,81430977,COD,Democratic Republic of the Congo,Kinshasa,"Congo, Dem. Rep."
Middle Africa,Democratic Republic of the Congo,2017,59.41,0.9,6.35,37.18,69.5,46.28,28.5,90.3,31.2,43.88,451.09,17.99,84283273,COD,Democratic Republic of the Congo,Kinshasa,"Congo, Dem. Rep."
Middle Africa,Democratic Republic of the Congo,2018,59.94,0.8,6.3,38.41,67.6,46.35,28.0,87.2,31.0,44.46,546.21,18.68,87087355,COD,Democratic Republic of the Congo,Kinshasa,"Congo, Dem. Rep."
Middle Africa,Democratic Republic of the Congo,2019,60.28,0.8,6.25,39.66,65.9,46.44,27.5,84.4,32.5,45.05,575.88,19.1,89906890,COD,Democratic Republic of the Congo,Kinshasa,"Congo, Dem. Rep."
Middle Africa,Democratic Republic of the Congo,2020,59.74,0.8,6.21,40.96,64.1,46.49,27.0,81.7,33.9,45.64,524.67,20.07,92853164,COD,Democratic Republic of the Congo,Kinshasa,"Congo, Dem. Rep."
Middle Africa,Democratic Republic of the Congo,2021,59.19,0.7,6.16,42.3,62.4,46.53,26.5,79.0,35.3,46.24,576.97,20.77,95894118,COD,Democratic Republic of the Congo,Kinshasa,"Congo, Dem. Rep."
Middle Africa,Gabon,2011,64.04,4.3,4.15,6.88,40.1,37.21,23.7,59.3,15.9,86.09,10273.8,88.73,1772500,GAB,Gabon,Libreville,Gabon
Middle Africa,Gabon,2012,64.59,4.1,4.09,7.13,38.7,37.03,23.2,56.8,15.4,86.63,9348.51,89.3,1836705,GAB,Gabon,Libreville,Gabon
Middle Africa,Gabon,2013,64.78,4.0,4.02,7.38,37.3,36.86,22.7,54.2,15.4,87.16,9250.08,86.4,1902226,GAB,Gabon,Libreville,Gabon
Middle Africa,Gabon,2014,64.97,3.9,3.95,7.63,36.5,36.74,22.3,52.2,15.7,87.65,9255.37,87.08,1966855,GAB,Gabon,Libreville,Gabon
Middle Africa,Gabon,2015,65.46,3.8,3.89,7.87,35.3,36.66,21.9,50.4,16.3,88.12,7090.45,87.33,2028517,GAB,Gabon,Libreville,Gabon
Middle Africa,Gabon,2016,65.8,3.7,3.82,8.1,34.0,36.63,21.4,48.4,17.4,88.56,6722.2,88.08,2086206,GAB,Gabon,Libreville,Gabon
Middle Africa,Gabon,2017,66.19,3.5,3.75,8.31,33.2,36.63,20.9,46.6,18.4,88.98,6975.7,86.27,2140215,GAB,Gabon,Libreville,Gabon
Middle Africa,Gabon,2018,66.31,3.4,3.68,8.51,32.2,36.63,20.4,44.9,19.5,89.37,7694.91,89.57,2192012,GAB,Gabon,Libreville,Gabon
Middle Africa,Gabon,2019,66.6,3.3,3.62,8.7,31.2,36.6,19.9,43.2,20.9,89.74,7523.86,90.32,2242785,GAB,Gabon,Libreville,Gabon
Middle Africa,Gabon,2020,66.53,3.1,3.55,8.9,29.8,36.53,19.5,41.0,22.1,90.09,6680.08,91.06,2292573,GAB,Gabon,Libreville,Gabon
Middle Africa,Gabon,2021,65.82,3.0,3.49,9.09,29.4,36.42,18.9,39.7,23.0,90.42,8635.8,91.81,2341179,GAB,Gabon,Libreville,Gabon
Middle Africa,Sao Tome and Principe,2011,64.9,1.1,4.72,193.8,25.8,42.04,15.3,33.3,16.2,66.06,1217.21,62.61,186044,STP,Sao Tome and Principe,Sao Tome,Sao Tome and Principe
Middle Africa,Sao Tome and Principe,2012,65.75,1.0,4.67,197.84,23.9,42.08,14.3,30.5,16.1,67.16,1207.7,57.9,189924,STP,Sao Tome and Principe,Sao Tome,Sao Tome and Principe
Middle Africa,Sao Tome and Principe,2013,66.33,0.9,4.6,201.83,22.0,42.23,13.3,27.8,15.9,68.21,1378.23,64.96,193757,STP,Sao Tome and Principe,Sao Tome,Sao Tome and Principe
Middle Africa,Sao Tome and Principe,2014,66.84,0.8,4.51,205.73,20.2,42.3,12.3,25.4,16.2,69.21,1484.17,68.6,197497,STP,Sao Tome and Principe,Sao Tome,Sao Tome and Principe
Middle Africa,Sao Tome and Principe,2015,67.25,0.8,4.39,209.5,18.6,42.27,11.3,23.3,16.1,70.17,1292.73,67.31,201124,STP,Sao Tome and Principe,Sao Tome,Sao Tome and Principe
Middle Africa,Sao Tome and Principe,2016,67.49,0.7,4.27,213.16,17.1,42.12,10.4,21.4,15.8,71.09,1428.26,69.36,204632,STP,Sao Tome and Principe,Sao Tome,Sao Tome and Principe
Middle Africa,Sao Tome and Principe,2017,68.27,0.7,4.14,216.7,15.7,41.87,9.6,19.7,15.3,71.97,1547.82,74.27,208036,STP,Sao Tome and Principe,Sao Tome,Sao Tome and Principe
Middle Africa,Sao Tome and Principe,2018,68.36,0.6,4.04,220.15,14.5,41.54,9.0,18.3,15.3,72.8,1815.61,71.0,211344,STP,Sao Tome and Principe,Sao Tome,Sao Tome and Principe
Middle Africa,Sao Tome and Principe,2019,68.52,0.6,3.96,223.54,13.6,41.13,8.4,17.1,14.9,73.6,1924.41,75.12,214599,STP,Sao Tome and Principe,Sao Tome,Sao Tome and Principe
Middle Africa,Sao Tome and Principe,2020,67.78,0.5,3.89,227.75,12.8,40.61,8.0,16.2,13.5,74.35,2155.27,76.81,218641,STP,Sao Tome and Principe,Sao Tome,Sao Tome and Principe
Middle Africa,Sao Tome and Principe,2021,67.59,0.5,3.82,232.4,12.1,40.04,7.6,15.4,13.1,75.07,2350.45,78.45,223107,STP,Sao Tome and Principe,Sao Tome,Sao Tome and Principe
Northern Africa,Algeria,2011,74.12,0.1,2.88,15.34,23.3,27.64,17.5,27.1,3.7,68.24,5473.28,99.0,36543541,DZA,Algeria,Algier,Algeria
Northern Africa,Algeria,2012,74.2,0.1,2.96,15.64,22.8,27.83,17.0,26.5,3.1,68.92,5610.73,98.76,37260563,DZA,Algeria,Algier,Algeria
Northern Africa,Algeria,2013,74.61,0.1,2.96,15.95,22.4,28.16,16.5,26.1,2.9,69.58,5519.78,99.19,38000626,DZA,Algeria,Algier,Algeria
Northern Africa,Algeria,2014,75.11,0.1,3.0,16.27,22.0,28.57,15.9,25.7,2.7,70.22,5516.23,99.27,38760168,DZA,Algeria,Algier,Algeria
Northern Africa,Algeria,2015,75.62,0.1,3.04,16.6,21.7,29.0,15.4,25.3,2.6,70.85,4197.42,99.36,39543154,DZA,Algeria,Algier,Algeria
Northern Africa,Algeria,2016,75.73,0.1,3.05,16.94,21.4,29.44,15.2,24.9,2.6,71.46,3967.2,99.43,40339329,DZA,Algeria,Algier,Algeria
Northern Africa,Algeria,2017,75.74,0.1,3.05,17.27,21.0,29.85,15.5,24.5,2.6,72.05,4134.94,99.53,41136546,DZA,Algeria,Algier,Algeria
Northern Africa,Algeria,2018,76.07,0.1,3.02,17.6,20.6,30.21,15.9,24.0,2.5,72.63,4171.79,99.64,41927007,DZA,Algeria,Algier,Algeria
Northern Africa,Algeria,2019,76.47,0.1,2.99,17.93,20.1,30.47,16.1,23.5,2.5,73.19,4021.98,99.5,42705368,DZA,Algeria,Algier,Algeria
Northern Africa,Algeria,2020,74.45,0.1,2.94,18.24,19.6,30.65,16.0,22.9,2.5,73.73,3354.15,99.72,43451666,DZA,Algeria,Algier,Algeria
Northern Africa,Algeria,2021,76.38,0.1,2.89,18.55,19.2,30.71,15.6,22.3,2.5,74.26,3700.31,99.79,44177969,DZA,Algeria,Algier,Algeria
Northern Africa,Egypt,2011,69.88,0.1,3.25,89.61,23.1,33.22,14.6,27.6,4.9,43.0,2645.62,99.44,89200054,EGY,Egypt,Cairo,"Egypt, Arab Rep."
Northern Africa,Egypt,2012,70.08,0.1,3.34,91.66,22.3,33.22,14.0,26.4,5.1,42.95,3059.14,99.7,91240376,EGY,Egypt,Cairo,"Egypt, Arab Rep."
Northern Africa,Egypt,2013,70.05,0.1,3.42,93.8,21.4,33.27,13.4,25.3,5.3,42.89,3088.89,99.88,93377890,EGY,Egypt,Cairo,"Egypt, Arab Rep."
Northern Africa,Egypt,2014,70.42,0.1,3.44,96.03,20.6,33.36,12.9,24.3,5.5,42.84,3196.86,99.8,95592324,EGY,Egypt,Cairo,"Egypt, Arab Rep."
Northern Africa,Egypt,2015,70.48,0.1,3.44,98.17,19.9,33.48,12.4,23.4,5.8,42.78,3370.38,99.3,97723799,EGY,Egypt,Cairo,"Egypt, Arab Rep."
Northern Africa,Egypt,2016,70.84,0.1,3.2,100.24,19.2,33.53,12.0,22.6,6.0,42.73,3331.61,100.0,99784030,EGY,Egypt,Cairo,"Egypt, Arab Rep."
Northern Africa,Egypt,2017,71.3,0.1,3.15,102.25,18.6,33.5,11.5,21.8,6.4,42.7,2439.97,100.0,101789386,EGY,Egypt,Cairo,"Egypt, Arab Rep."
Northern Africa,Egypt,2018,71.37,0.1,3.1,104.21,17.9,33.44,11.1,21.0,6.3,42.7,2531.2,100.0,103740765,EGY,Egypt,Cairo,"Egypt, Arab Rep."
Northern Africa,Egypt,2019,71.36,0.1,3.0,106.1,17.3,33.34,10.7,20.3,6.3,42.73,3017.26,100.0,105618671,EGY,Egypt,Cairo,"Egypt, Arab Rep."
Northern Africa,Egypt,2020,70.99,0.1,2.96,107.96,16.8,33.21,10.4,19.6,6.4,42.78,3571.56,100.0,107465134,EGY,Egypt,Cairo,"Egypt, Arab Rep."
Northern Africa,Egypt,2021,70.22,0.1,2.92,109.76,16.2,33.05,10.0,19.0,7.2,42.86,3886.72,100.0,109262178,EGY,Egypt,Cairo,"Egypt, Arab Rep."
Northern Africa,Libya,2011,70.07,0.1,2.65,3.52,15.0,31.1,8.5,19.5,6.5,78.28,7784.13,80.29,6188132,LBY,Libya,Tripolis,Libya
Northern Africa,Libya,2012,72.25,0.1,2.68,3.34,12.9,32.41,8.1,15.0,5.2,78.51,15765.42,78.68,5869870,LBY,Libya,Tripolis,Libya
Northern Africa,Libya,2013,72.34,0.1,2.72,3.4,12.3,32.1,7.7,14.4,4.8,78.76,12589.53,77.07,5985221,LBY,Libya,Tripolis,Libya
Northern Africa,Libya,2014,71.51,0.1,2.75,3.47,11.8,31.8,7.4,13.8,5.4,79.01,9408.75,75.45,6097764,LBY,Libya,Tripolis,Libya
Northern Africa,Libya,2015,71.7,0.1,2.71,3.52,11.4,31.55,7.1,13.3,6.1,79.27,7867.52,73.83,6192235,LBY,Libya,Tripolis,Libya
Northern Africa,Libya,2016,71.76,0.2,2.67,3.57,10.9,31.26,6.9,12.8,6.6,79.54,7945.01,72.21,6282196,LBY,Libya,Tripolis,Libya
Northern Africa,Libya,2017,72.48,0.2,2.63,3.62,10.6,30.88,6.6,12.3,6.9,79.82,10529.12,70.58,6378261,LBY,Libya,Tripolis,Libya
Northern Africa,Libya,2018,72.79,0.2,2.58,3.68,10.2,30.42,6.4,11.9,7.1,80.1,11838.3,67.0,6477793,LBY,Libya,Tripolis,Libya
Northern Africa,Libya,2019,72.46,0.2,2.54,3.73,9.9,29.92,6.2,11.5,7.7,80.39,10542.43,68.47,6569088,LBY,Libya,Tripolis,Libya
Northern Africa,Libya,2020,72.47,0.2,2.51,3.78,9.5,29.4,6.0,11.1,7.9,80.69,7034.66,69.37,6653942,LBY,Libya,Tripolis,Libya
Northern Africa,Libya,2021,71.91,0.2,2.46,3.83,9.2,28.86,5.8,10.8,8.4,80.99,5908.95,70.21,6735277,LBY,Libya,Tripolis,Libya
Northern Africa,Morocco,2011,71.27,0.1,2.61,73.73,25.4,28.7,18.3,29.5,4.6,58.58,3302.45,96.07,32903699,MAR,Morocco,Rabat,Morocco
Northern Africa,Morocco,2012,71.68,0.1,2.6,74.73,24.0,28.49,17.3,27.9,4.4,59.14,3164.0,96.44,33352169,MAR,Morocco,Rabat,Morocco
Northern Africa,Morocco,2013,72.12,0.1,2.59,75.74,22.7,28.3,16.3,26.4,4.1,59.7,3377.64,97.2,33803527,MAR,Morocco,Rabat,Morocco
Northern Africa,Morocco,2014,72.54,0.1,2.55,76.74,21.4,28.14,15.4,24.9,4.0,60.26,3430.53,97.28,34248603,MAR,Morocco,Rabat,Morocco
Northern Africa,Morocco,2015,72.92,0.1,2.53,77.71,20.3,27.99,14.6,23.6,3.8,60.81,3139.23,97.3,34680458,MAR,Morocco,Rabat,Morocco
Northern Africa,Morocco,2016,73.28,0.1,2.45,78.66,19.2,27.82,13.8,22.4,3.7,61.36,3132.95,97.8,35107264,MAR,Morocco,Rabat,Morocco
Northern Africa,Morocco,2017,73.66,0.1,2.45,79.61,18.3,27.64,13.2,21.3,3.6,61.91,3288.5,100.0,35528115,MAR,Morocco,Rabat,Morocco
Northern Africa,Morocco,2018,73.99,0.1,2.42,80.5,17.5,27.48,12.6,20.4,3.6,62.45,3492.67,98.1,35927511,MAR,Morocco,Rabat,Morocco
Northern Africa,Morocco,2019,74.27,0.1,2.38,81.35,16.7,27.3,12.1,19.5,4.2,62.99,3498.58,99.6,36304408,MAR,Morocco,Rabat,Morocco
Northern Africa,Morocco,2020,73.92,0.1,2.35,82.21,16.1,27.09,11.5,18.7,5.3,63.53,3258.27,100.0,36688772,MAR,Morocco,Rabat,Morocco
Northern Africa,Morocco,2021,74.04,0.1,2.33,83.08,15.4,26.85,11.1,18.0,6.3,64.06,3767.52,100.0,37076584,MAR,Morocco,Rabat,Morocco
Northern Africa,Sudan,2011,63.25,0.2,4.96,14.49,49.7,42.26,31.9,73.8,3.81,33.21,1982.82,38.34,34419624,SDN,Sudan,Khartoum,Sudan
Northern Africa,Sudan,2012,63.79,0.2,4.89,18.82,48.6,42.33,31.5,71.9,3.71,33.35,1797.4,40.7,35159792,SDN,Sudan,Khartoum,Sudan
Northern Africa,Sudan,2013,63.68,0.2,4.9,19.27,47.5,42.33,31.0,69.9,9.7,33.51,1834.56,43.1,35990704,SDN,Sudan,Khartoum,Sudan
Northern Africa,Sudan,2014,64.27,0.2,4.91,19.81,46.4,42.2,30.6,68.0,9.3,33.69,2076.0,44.9,37003245,SDN,Sudan,Khartoum,Sudan
Northern Africa,Sudan,2015,64.66,0.2,4.9,20.43,45.3,41.98,30.0,66.0,9.7,33.89,2226.41,48.02,38171178,SDN,Sudan,Khartoum,Sudan
Northern Africa,Sudan,2016,64.78,0.2,4.83,21.08,44.2,41.77,29.4,64.1,10.6,34.12,2614.29,50.5,39377169,SDN,Sudan,Khartoum,Sudan
Northern Africa,Sudan,2017,65.44,0.2,4.76,21.78,43.1,41.53,28.9,62.1,11.1,34.37,3188.77,52.97,40679828,SDN,Sudan,Khartoum,Sudan
Northern Africa,Sudan,2018,65.68,0.2,4.68,22.48,42.0,41.33,28.3,60.3,11.5,34.64,769.87,55.34,41999059,SDN,Sudan,Khartoum,Sudan
Northern Africa,Sudan,2019,65.88,0.2,4.62,23.14,41.0,41.23,27.8,58.4,11.3,34.94,748.01,57.57,43232093,SDN,Sudan,Khartoum,Sudan
Northern Africa,Sudan,2020,65.61,0.1,4.54,23.79,39.9,41.18,27.3,56.6,11.6,35.25,608.33,59.7,44440486,SDN,Sudan,Khartoum,Sudan
Northern Africa,Sudan,2021,65.27,0.1,4.46,24.44,38.9,41.09,26.7,54.9,11.9,35.59,749.71,61.77,45657202,SDN,Sudan,Khartoum,Sudan
Northern Africa,Tunisia,2011,75.46,0.1,2.19,71.01,15.5,23.65,12.2,18.0,3.4,66.94,4361.95,99.5,11032528,TUN,Tunisia,Tunis,Tunisia
Northern Africa,Tunisia,2012,75.55,0.1,2.22,71.93,15.2,23.63,12.1,17.7,3.3,67.22,4233.92,99.5,11174383,TUN,Tunisia,Tunis,Tunisia
Northern Africa,Tunisia,2013,75.65,0.1,2.24,72.74,15.0,23.78,12.1,17.5,3.1,67.5,4308.34,99.7,11300284,TUN,Tunisia,Tunis,Tunisia
Northern Africa,Tunisia,2014,75.65,0.1,2.25,73.56,14.9,24.0,12.0,17.3,2.9,67.77,4398.64,99.8,11428948,TUN,Tunisia,Tunis,Tunisia
Northern Africa,Tunisia,2015,75.69,0.1,2.25,74.39,14.8,24.24,12.0,17.2,2.8,68.06,3960.92,99.9,11557779,TUN,Tunisia,Tunis,Tunisia
Northern Africa,Tunisia,2016,75.79,0.1,2.24,75.22,14.7,24.48,12.1,17.1,2.7,68.35,3796.11,100.0,11685667,TUN,Tunisia,Tunis,Tunisia
Northern Africa,Tunisia,2017,75.84,0.1,2.22,76.03,14.7,24.7,12.1,17.1,2.6,68.64,3569.72,100.0,11811443,TUN,Tunisia,Tunis,Tunisia
Northern Africa,Tunisia,2018,75.95,0.1,2.17,76.81,14.6,24.86,12.1,17.0,2.5,68.94,3577.18,99.8,11933041,TUN,Tunisia,Tunis,Tunisia
Northern Africa,Tunisia,2019,75.99,0.1,2.15,77.56,14.5,24.94,12.0,16.9,2.5,69.25,3477.84,100.0,12049314,TUN,Tunisia,Tunis,Tunisia
Northern Africa,Tunisia,2020,75.29,0.1,2.11,78.28,14.3,24.95,11.8,16.6,2.8,69.57,3497.72,99.9,12161723,TUN,Tunisia,Tunis,Tunisia
Northern Africa,Tunisia,2021,73.77,0.1,2.09,78.93,14.0,24.92,11.5,16.3,3.0,69.89,3807.18,99.9,12262946,TUN,Tunisia,Tunis,Tunisia
Southern Africa,Botswana,2011,60.53,23.0,3.0,3.77,48.0,34.67,25.1,61.2,22.7,63.86,7080.78,53.24,2134037,BWA,Botswana,Gaborone,Botswana
Southern Africa,Botswana,2012,60.8,22.7,2.98,3.84,42.9,34.57,24.4,55.2,22.8,64.77,6392.99,55.97,2175425,BWA,Botswana,Gaborone,Botswana
Southern Africa,Botswana,2013,62.0,22.4,2.96,3.91,39.7,34.49,23.3,50.3,23.0,65.57,6436.6,57.97,2217278,BWA,Botswana,Gaborone,Botswana
Southern Africa,Botswana,2014,62.61,22.0,2.95,3.99,38.7,34.38,22.4,48.2,23.3,66.37,6844.03,60.02,2260376,BWA,Botswana,Gaborone,Botswana
Southern Africa,Botswana,2015,63.82,21.7,2.94,4.07,36.6,34.24,21.6,45.4,24.1,67.16,5869.74,62.13,2305171,BWA,Botswana,Gaborone,Botswana
Southern Africa,Botswana,2016,65.46,21.3,2.93,4.15,35.3,34.05,21.0,43.5,25.0,67.93,6411.55,64.2,2352416,BWA,Botswana,Gaborone,Botswana
Southern Africa,Botswana,2017,66.75,20.9,2.91,4.24,32.3,33.83,20.4,39.9,26.3,68.7,6705.34,67.4,2401840,BWA,Botswana,Gaborone,Botswana
Southern Africa,Botswana,2018,65.42,20.4,2.9,4.33,30.9,33.62,19.9,39.0,26.4,69.45,6947.82,68.25,2451409,BWA,Botswana,Gaborone,Botswana
Southern Africa,Botswana,2019,65.46,19.8,2.88,4.41,29.9,33.41,19.2,37.7,26.4,70.17,6691.16,70.1,2499702,BWA,Botswana,Gaborone,Botswana
Southern Africa,Botswana,2020,65.65,19.2,2.84,4.49,29.0,33.17,18.5,36.3,24.5,70.88,5875.07,71.83,2546402,BWA,Botswana,Gaborone,Botswana
Southern Africa,Botswana,2021,61.14,18.6,2.79,4.57,28.3,32.91,18.0,34.9,22.9,71.56,7238.8,73.73,2588423,BWA,Botswana,Gaborone,Botswana
Southern Africa,Eswatini,2011,48.2,28.2,3.3,64.27,54.7,38.55,26.1,76.5,22.0,22.7,4360.96,51.18,1105371,SWZ,Eswatini,Mbabane,Eswatini
Southern Africa,Eswatini,2012,49.84,28.5,3.26,64.62,53.8,38.3,26.2,70.4,18.5,22.85,4396.58,54.3,1111444,SWZ,Eswatini,Mbabane,Eswatini
Southern Africa,Eswatini,2013,51.49,29.0,3.23,65.02,52.7,38.07,26.2,67.9,15.8,23.0,4111.13,57.53,1118319,SWZ,Eswatini,Mbabane,Eswatini
Southern Africa,Eswatini,2014,53.05,29.4,3.17,65.46,53.4,37.79,26.0,67.9,14.4,23.15,3928.52,65.0,1125865,SWZ,Eswatini,Mbabane,Eswatini
Southern Africa,Eswatini,2015,55.02,29.6,3.12,65.93,50.1,37.46,25.7,64.4,14.4,23.3,3583.31,64.12,1133936,SWZ,Eswatini,Mbabane,Eswatini
Southern Africa,Eswatini,2016,56.66,29.8,3.07,66.43,48.1,37.1,25.3,61.8,14.5,23.46,3339.99,63.43,1142524,SWZ,Eswatini,Mbabane,Eswatini
Southern Africa,Eswatini,2017,57.9,29.7,3.02,66.94,49.0,36.73,25.0,63.2,13.7,23.62,3824.05,73.5,1151390,SWZ,Eswatini,Mbabane,Eswatini
Southern Africa,Eswatini,2018,59.41,29.4,2.96,67.47,45.4,36.33,24.6,59.6,12.9,23.8,4021.45,73.96,1160428,SWZ,Eswatini,Mbabane,Eswatini
Southern Africa,Eswatini,2019,60.55,29.1,2.92,68.0,43.9,35.89,24.2,56.9,12.1,23.98,3818.54,77.03,1169613,SWZ,Eswatini,Mbabane,Eswatini
Southern Africa,Eswatini,2020,59.69,28.6,2.89,68.64,44.2,35.44,23.7,56.2,11.9,24.17,3372.9,79.99,1180655,SWZ,Eswatini,Mbabane,Eswatini
Southern Africa,Eswatini,2021,57.07,27.9,2.84,69.32,41.5,35.03,23.2,52.6,11.6,24.37,4068.57,82.9,1192271,SWZ,Eswatini,Mbabane,Eswatini
Southern Africa,Lesotho,2011,46.69,24.4,3.32,67.12,64.5,35.88,38.1,89.4,12.5,25.31,1265.86,22.53,2037677,LSO,Lesotho,Maseru,Lesotho
Southern Africa,Lesotho,2012,47.84,24.6,3.3,67.68,64.8,35.65,38.1,86.9,15.2,25.7,1205.86,20.56,2054718,LSO,Lesotho,Maseru,Lesotho
Southern Africa,Lesotho,2013,49.0,24.8,3.33,68.31,64.9,35.44,38.1,85.1,20.0,26.1,1141.36,26.88,2073939,LSO,Lesotho,Maseru,Lesotho
Southern Africa,Lesotho,2014,50.03,24.7,3.29,69.01,63.8,35.28,38.0,84.0,27.2,26.5,1165.05,27.8,2095242,LSO,Lesotho,Maseru,Lesotho
Southern Africa,Lesotho,2015,51.1,24.6,3.26,69.78,63.2,35.13,37.9,82.5,31.9,26.91,1113.84,31.77,2118521,LSO,Lesotho,Maseru,Lesotho
Southern Africa,Lesotho,2016,52.26,24.2,3.24,70.62,63.0,34.99,37.7,77.8,34.0,27.32,994.24,35.07,2143872,LSO,Lesotho,Maseru,Lesotho
Southern Africa,Lesotho,2017,53.06,23.6,3.19,71.5,62.0,34.81,37.4,75.5,31.6,27.73,1062.46,33.7,2170617,LSO,Lesotho,Maseru,Lesotho
Southern Africa,Lesotho,2018,53.73,23.0,3.14,72.4,60.8,34.6,37.0,76.4,33.0,28.15,1162.98,47.0,2198017,LSO,Lesotho,Maseru,Lesotho
Southern Africa,Lesotho,2019,54.17,22.3,3.09,73.31,60.0,34.4,36.5,77.2,38.1,28.58,1061.22,44.56,2225702,LSO,Lesotho,Maseru,Lesotho
Southern Africa,Lesotho,2020,54.69,21.6,3.05,74.25,58.4,34.23,35.9,75.5,43.7,29.03,917.36,47.5,2254100,LSO,Lesotho,Maseru,Lesotho
Southern Africa,Lesotho,2021,53.06,20.9,3.02,75.15,57.0,34.1,35.3,72.9,46.0,29.48,1029.51,50.38,2281454,LSO,Lesotho,Maseru,Lesotho
Southern Africa,Namibia,2011,56.55,13.5,3.66,2.59,37.2,36.82,21.5,49.2,25.9,42.64,5873.06,42.3,2132340,NAM,Namibia,Windhoek,Namibia
Southern Africa,Namibia,2012,57.64,13.4,3.68,2.63,38.3,36.69,21.6,50.3,23.4,43.69,6017.18,46.4,2167470,NAM,Namibia,Windhoek,Namibia
Southern Africa,Namibia,2013,58.69,13.3,3.65,2.68,36.0,36.57,21.7,48.1,21.8,44.76,5463.03,47.4,2204510,NAM,Namibia,Windhoek,Namibia
Southern Africa,Namibia,2014,59.82,13.1,3.64,2.72,33.5,36.44,21.7,45.5,21.0,45.83,5544.1,48.38,2243001,NAM,Namibia,Windhoek,Namibia
Southern Africa,Namibia,2015,60.7,13.1,3.6,2.77,33.3,36.33,21.5,46.2,20.3,46.9,4965.67,51.6,2282704,NAM,Namibia,Windhoek,Namibia
Southern Africa,Namibia,2016,61.68,12.9,3.57,2.82,32.6,36.27,21.3,45.5,19.3,47.96,4614.89,49.7,2323352,NAM,Namibia,Windhoek,Namibia
Southern Africa,Namibia,2017,62.29,12.8,3.51,2.87,32.0,36.25,21.0,44.4,18.9,49.0,5453.57,52.5,2364534,NAM,Namibia,Windhoek,Namibia
Southern Africa,Namibia,2018,62.59,12.6,3.46,2.92,31.5,36.24,20.6,43.6,18.2,50.03,5687.38,52.32,2405680,NAM,Namibia,Windhoek,Namibia
Southern Africa,Namibia,2019,63.08,12.4,3.4,2.97,30.7,36.23,20.3,41.9,17.6,51.04,5126.18,53.28,2446644,NAM,Namibia,Windhoek,Namibia
Southern Africa,Namibia,2020,62.83,12.1,3.35,3.02,30.0,36.2,19.9,40.3,17.1,52.03,4252.04,52.3,2489098,NAM,Namibia,Windhoek,Namibia
Southern Africa,Namibia,2021,59.27,11.8,3.3,3.07,29.4,36.21,19.5,39.0,17.1,53.0,4919.19,55.23,2530151,NAM,Namibia,Windhoek,Namibia
Southern Africa,South Africa,2011,60.65,16.8,2.44,43.23,33.3,28.52,11.7,45.5,5.1,62.75,8737.04,83.6,52443325,ZAF,South Africa,Pretoria,South Africa
Southern Africa,South Africa,2012,61.85,17.2,2.45,43.81,31.9,28.43,11.3,41.5,5.2,63.27,8173.87,85.2,53145033,ZAF,South Africa,Pretoria,South Africa
Southern Africa,South Africa,2013,62.53,17.5,2.43,44.41,31.0,28.42,11.1,39.6,5.5,63.79,7441.23,85.2,53873616,ZAF,South Africa,Pretoria,South Africa
Southern Africa,South Africa,2014,63.38,17.9,2.42,45.12,30.2,28.39,11.0,38.3,6.3,64.31,6965.14,85.9,54729551,ZAF,South Africa,Pretoria,South Africa
Southern Africa,South Africa,2015,63.95,18.2,2.36,46.06,29.4,28.28,11.0,37.3,6.5,64.83,6204.93,85.3,55876504,ZAF,South Africa,Pretoria,South Africa
Southern Africa,South Africa,2016,64.75,18.4,2.26,46.51,28.9,28.37,11.1,36.6,6.2,65.34,5735.07,83.9,56422274,ZAF,South Africa,Pretoria,South Africa
Southern Africa,South Africa,2017,65.4,18.5,2.33,46.69,28.3,28.59,11.1,35.8,5.7,65.85,6734.48,84.4,56641209,ZAF,South Africa,Pretoria,South Africa
Southern Africa,South Africa,2018,65.67,18.6,2.42,47.27,27.8,28.68,11.2,35.1,5.7,66.36,7067.72,84.7,57339635,ZAF,South Africa,Pretoria,South Africa
Southern Africa,South Africa,2019,66.18,18.6,2.48,47.88,27.3,28.75,11.1,34.3,6.1,66.86,6702.53,85.0,58087055,ZAF,South Africa,Pretoria,South Africa
Southern Africa,South Africa,2020,65.25,18.4,2.4,48.47,26.9,28.74,11.1,33.7,6.9,67.35,5753.07,90.0,58801927,ZAF,South Africa,Pretoria,South Africa
Southern Africa,South Africa,2021,62.34,18.3,2.37,48.96,26.4,28.67,11.0,32.8,7.9,67.85,7073.61,89.3,59392255,ZAF,South Africa,Pretoria,South Africa
Western Africa,Benin,2011,58.46,1.2,5.37,86.26,68.4,43.53,33.7,106.9,8.6,43.61,1099.41,36.9,9726380,BEN,Benin,Porto-Novo,Benin
Western Africa,Benin,2012,58.72,1.1,5.35,88.81,67.1,43.41,33.3,104.6,8.4,44.12,1112.57,38.4,10014078,BEN,Benin,Porto-Novo,Benin
Western Africa,Benin,2013,58.96,1.1,5.34,91.42,65.8,43.31,32.8,102.3,8.2,44.64,1214.3,34.65,10308730,BEN,Benin,Porto-Novo,Benin
Western Africa,Benin,2014,59.12,1.1,5.35,94.14,64.6,43.23,32.3,100.1,8.2,45.17,1251.5,34.1,10614844,BEN,Benin,Porto-Novo,Benin
Western Africa,Benin,2015,59.38,1.1,5.32,96.96,63.3,43.16,31.9,97.9,8.1,45.7,1041.65,29.62,10932783,BEN,Benin,Porto-Novo,Benin
Western Africa,Benin,2016,59.54,1.0,5.3,99.86,62.0,43.1,31.5,95.6,8.7,46.23,1049.82,37.03,11260085,BEN,Benin,Porto-Novo,Benin
Western Africa,Benin,2017,59.86,1.0,5.27,102.84,60.8,43.04,31.1,93.4,9.5,46.77,1095.27,34.5,11596779,BEN,Benin,Porto-Novo,Benin
Western Africa,Benin,2018,60.14,1.0,5.2,105.89,59.5,42.95,30.7,91.1,10.4,47.31,1194.44,39.01,11940683,BEN,Benin,Porto-Novo,Benin
Western Africa,Benin,2019,60.45,0.9,5.13,109.0,58.0,42.84,30.2,88.6,10.6,47.86,1170.89,40.0,12290444,BEN,Benin,Porto-Novo,Benin
Western Africa,Benin,2020,60.09,0.9,5.05,112.12,56.6,42.71,29.7,86.0,10.2,48.42,1240.73,40.99,12643123,BEN,Benin,Porto-Novo,Benin
Western Africa,Benin,2021,59.82,0.8,4.97,115.26,55.2,42.58,29.2,83.5,9.9,48.97,1360.91,41.97,12996895,BEN,Benin,Porto-Novo,Benin
Western Africa,Burkina Faso,2011,57.12,1.1,5.87,60.68,66.4,45.67,30.5,117.2,14.2,25.2,727.61,14.78,16602651,BFA,Burkina Faso,Ouagadougou,Burkina Faso
Western Africa,Burkina Faso,2012,57.62,1.0,5.79,62.55,64.6,45.68,29.9,112.9,13.7,25.77,733.97,15.07,17113732,BFA,Burkina Faso,Ouagadougou,Burkina Faso
Western Africa,Burkina Faso,2013,57.82,1.0,5.7,64.46,62.9,45.68,29.3,108.7,13.2,26.35,762.3,15.39,17636408,BFA,Burkina Faso,Ouagadougou,Burkina Faso
Western Africa,Burkina Faso,2014,58.36,0.9,5.6,66.41,61.2,45.64,28.8,104.7,13.1,26.93,767.37,19.2,18169842,BFA,Burkina Faso,Ouagadougou,Burkina Faso
Western Africa,Burkina Faso,2015,58.84,0.9,5.48,68.41,59.7,45.55,28.3,101.1,13.3,27.53,632.13,16.15,18718019,BFA,Burkina Faso,Ouagadougou,Burkina Faso
Western Africa,Burkina Faso,2016,59.33,0.8,5.32,70.45,58.3,45.41,27.8,97.7,13.6,28.13,665.79,16.57,19275498,BFA,Burkina Faso,Ouagadougou,Burkina Faso
Western Africa,Burkina Faso,2017,59.54,0.8,5.16,72.5,56.9,45.22,27.2,94.5,13.7,28.74,711.18,17.01,19835858,BFA,Burkina Faso,Ouagadougou,Burkina Faso
Western Africa,Burkina Faso,2018,60.05,0.7,5.07,74.53,55.6,44.99,26.8,91.3,14.0,29.36,779.2,14.4,20392723,BFA,Burkina Faso,Ouagadougou,Burkina Faso
Western Africa,Burkina Faso,2019,60.04,0.7,4.97,76.58,54.2,44.74,26.3,88.2,14.6,29.98,765.23,17.6,20951639,BFA,Burkina Faso,Ouagadougou,Burkina Faso
Western Africa,Burkina Faso,2020,59.73,0.7,4.87,78.66,53.0,44.44,25.7,85.4,15.5,30.61,823.55,18.47,21522626,BFA,Burkina Faso,Ouagadougou,Burkina Faso
Western Africa,Burkina Faso,2021,59.27,0.6,4.77,80.78,51.8,44.09,25.3,82.6,16.2,31.24,888.78,18.95,22100683,BFA,Burkina Faso,Ouagadougou,Burkina Faso
Western Africa,Cabo Verde,2011,74.26,0.6,2.47,130.9,21.5,31.34,15.4,25.5,18.2,62.32,3880.07,82.26,527521,CPV,Cape Verde,Praia,Cabo Verde
Western Africa,Cabo Verde,2012,74.48,0.6,2.28,132.47,20.5,30.75,14.8,24.2,18.5,62.82,3583.46,83.25,533864,CPV,Cape Verde,Praia,Cabo Verde
Western Africa,Cabo Verde,2013,75.06,0.6,2.2,133.98,19.4,30.16,13.9,22.8,19.4,63.32,3757.66,84.27,539940,CPV,Cape Verde,Praia,Cabo Verde
Western Africa,Cabo Verde,2014,75.24,0.6,2.17,135.5,18.1,29.59,13.1,21.3,20.7,63.81,3739.28,85.33,546076,CPV,Cape Verde,Praia,Cabo Verde
Western Africa,Cabo Verde,2015,74.62,0.6,2.12,137.01,16.9,29.06,12.2,19.7,21.4,64.3,3169.08,86.42,552166,CPV,Cape Verde,Praia,Cabo Verde
Western Africa,Cabo Verde,2016,75.74,0.6,2.12,138.56,15.7,28.61,11.3,18.3,21.7,64.78,3312.7,87.53,558394,CPV,Cape Verde,Praia,Cabo Verde
Western Africa,Cabo Verde,2017,76.59,0.6,2.09,140.19,14.6,28.24,10.5,17.0,20.9,65.26,3534.34,88.61,564954,CPV,Cape Verde,Praia,Cabo Verde
Western Africa,Cabo Verde,2018,75.73,0.6,1.96,141.74,13.7,27.86,9.8,15.9,19.8,65.73,3860.45,90.2,571202,CPV,Cape Verde,Praia,Cabo Verde
Western Africa,Cabo Verde,2019,76.0,0.6,1.93,143.18,12.9,27.46,9.3,15.0,18.5,66.19,3903.05,91.4,577030,CPV,Cape Verde,Praia,Cabo Verde
Western Africa,Cabo Verde,2020,74.81,0.6,1.91,144.58,12.2,27.04,8.8,14.2,18.1,66.65,3126.4,93.75,582640,CPV,Cape Verde,Praia,Cabo Verde
Western Africa,Cabo Verde,2021,74.05,0.6,1.9,145.89,11.7,26.61,8.4,13.5,18.2,67.1,3398.17,95.52,587925,CPV,Cape Verde,Praia,Cabo Verde
Western Africa,Cote d'Ivoire,2011,55.52,3.5,5.03,67.81,73.1,43.93,38.8,103.2,14.4,47.75,1701.7,55.8,21562914,CIV,Ivory Coast,Yamoussoukro,Cote d'Ivoire
Western Africa,Cote d'Ivoire,2012,56.16,3.4,4.97,69.22,71.1,44.03,38.1,100.1,13.4,48.17,1649.3,55.8,22010712,CIV,Ivory Coast,Yamoussoukro,Cote d'Ivoire
Western Africa,Cote d'Ivoire,2013,56.75,3.2,4.92,70.66,69.2,44.04,37.5,96.9,13.4,48.59,1903.05,61.45,22469268,CIV,Ivory Coast,Yamoussoukro,Cote d'Ivoire
Western Africa,Cote d'Ivoire,2014,57.21,3.0,4.87,72.31,67.3,43.89,36.8,93.5,12.6,49.01,2124.02,61.9,22995555,CIV,Ivory Coast,Yamoussoukro,Cote d'Ivoire
Western Africa,Cote d'Ivoire,2015,57.76,2.8,4.81,74.2,65.6,43.62,36.2,90.5,11.9,49.44,1941.58,62.6,23596741,CIV,Ivory Coast,Yamoussoukro,Cote d'Ivoire
Western Africa,Cote d'Ivoire,2016,58.06,2.7,4.76,76.14,64.2,43.34,35.6,88.0,10.6,49.88,1999.2,64.3,24213622,CIV,Ivory Coast,Yamoussoukro,Cote d'Ivoire
Western Africa,Cote d'Ivoire,2017,58.48,2.5,4.74,78.14,62.6,43.06,34.9,85.6,9.8,50.33,2113.34,65.6,24848016,CIV,Ivory Coast,Yamoussoukro,Cote d'Ivoire
Western Africa,Cote d'Ivoire,2018,58.85,2.4,4.61,80.17,61.0,42.76,34.2,82.8,9.0,50.78,2295.54,67.15,25493988,CIV,Ivory Coast,Yamoussoukro,Cote d'Ivoire
Western Africa,Cote d'Ivoire,2019,59.32,2.2,4.54,82.23,59.0,42.44,33.6,79.7,8.4,51.24,2290.79,68.57,26147551,CIV,Ivory Coast,Yamoussoukro,Cote d'Ivoire
Western Africa,Cote d'Ivoire,2020,59.03,2.1,4.47,84.31,57.5,42.11,32.9,77.3,7.9,51.71,2349.07,69.88,26811790,CIV,Ivory Coast,Yamoussoukro,Cote d'Ivoire
Western Africa,Cote d'Ivoire,2021,58.6,1.9,4.42,86.41,55.9,41.8,32.3,74.8,7.7,52.18,2613.38,71.14,27478249,CIV,Ivory Coast,Yamoussoukro,Cote d'Ivoire
Western Africa,Equatorial Guinea,2011,58.41,5.9,5.13,40.81,76.7,38.8,34.9,107.5,10.79,67.49,18659.42,66.1,1144588,GNQ,Equatorial Guinea,Malabo,Equatorial Guinea
Western Africa,Equatorial Guinea,2012,58.86,6.1,5.04,42.55,74.3,38.69,34.2,103.6,10.96,69.0,18756.43,65.75,1193636,GNQ,Equatorial Guinea,Malabo,Equatorial Guinea
Western Africa,Equatorial Guinea,2013,59.22,6.3,4.95,44.35,72.1,38.64,33.5,100.2,10.85,69.54,17644.59,65.88,1243941,GNQ,Equatorial Guinea,Malabo,Equatorial Guinea
Western Africa,Equatorial Guinea,2014,59.6,6.5,4.86,46.17,69.9,38.64,32.9,96.8,10.74,70.08,16804.92,66.0,1295183,GNQ,Equatorial Guinea,Malabo,Equatorial Guinea
Western Africa,Equatorial Guinea,2015,60.1,6.6,4.77,48.02,68.0,38.68,32.1,93.7,10.57,70.62,9788.98,66.12,1346973,GNQ,Equatorial Guinea,Malabo,Equatorial Guinea
Western Africa,Equatorial Guinea,2016,60.48,6.8,4.69,49.87,66.0,38.77,31.5,90.6,10.6,71.14,8035.31,66.24,1398927,GNQ,Equatorial Guinea,Malabo,Equatorial Guinea
Western Africa,Equatorial Guinea,2017,60.82,6.8,4.6,51.72,64.1,38.86,30.9,87.6,10.71,71.65,8410.4,66.35,1450694,GNQ,Equatorial Guinea,Malabo,Equatorial Guinea
Western Africa,Equatorial Guinea,2018,61.19,6.9,4.51,53.55,62.2,38.91,30.2,84.7,10.87,72.14,8719.19,66.46,1502091,GNQ,Equatorial Guinea,Malabo,Equatorial Guinea
Western Africa,Equatorial Guinea,2019,61.64,6.9,4.43,55.37,60.4,38.87,29.7,81.9,11.89,72.63,7317.39,66.57,1553031,GNQ,Equatorial Guinea,Malabo,Equatorial Guinea
Western Africa,Equatorial Guinea,2020,60.71,6.9,4.35,56.9,58.8,38.86,29.1,79.3,13.03,73.1,6198.94,66.68,1596049,GNQ,Equatorial Guinea,Malabo,Equatorial Guinea
Western Africa,Equatorial Guinea,2021,60.59,6.9,4.27,58.27,57.2,38.77,28.5,76.8,14.22,73.56,7406.08,66.79,1634466,GNQ,Equatorial Guinea,Malabo,Equatorial Guinea
Western Africa,Gambia,2011,61.53,1.9,5.64,197.45,44.6,45.74,32.6,70.8,12.9,56.38,705.48,48.32,1998212,GMB,Gambia,Banjul,"Gambia, The"
Western Africa,Gambia,2012,62.1,1.9,5.59,203.66,43.3,45.7,31.8,68.0,13.6,57.1,686.56,49.86,2061014,GMB,Gambia,Banjul,"Gambia, The"
Western Africa,Gambia,2013,62.11,1.9,5.51,209.97,42.1,45.62,31.0,65.2,14.4,57.82,647.39,51.5,2124869,GMB,Gambia,Banjul,"Gambia, The"
Western Africa,Gambia,2014,62.27,1.9,5.42,216.31,41.0,45.5,30.2,62.6,15.4,58.53,561.65,53.04,2189019,GMB,Gambia,Banjul,"Gambia, The"
Western Africa,Gambia,2015,62.49,1.9,5.31,222.64,39.8,45.36,29.5,60.1,15.9,59.23,611.67,54.69,2253133,GMB,Gambia,Banjul,"Gambia, The"
Western Africa,Gambia,2016,63.01,1.8,5.2,228.97,38.7,45.17,28.7,57.7,16.7,59.92,640.68,56.35,2317206,GMB,Gambia,Banjul,"Gambia, The"
Western Africa,Gambia,2017,63.0,1.8,5.09,235.29,37.7,44.94,27.9,55.5,17.6,60.6,632.0,56.2,2381182,GMB,Gambia,Banjul,"Gambia, The"
Western Africa,Gambia,2018,63.04,1.8,4.97,241.59,36.7,44.65,27.2,53.4,17.8,61.27,683.32,60.3,2444916,GMB,Gambia,Banjul,"Gambia, The"
Western Africa,Gambia,2019,63.76,1.8,4.87,247.91,35.8,44.31,26.5,51.5,18.3,61.93,722.88,62.1,2508883,GMB,Gambia,Banjul,"Gambia, The"
Western Africa,Gambia,2020,62.61,1.7,4.78,254.35,34.9,43.93,25.9,49.6,18.7,62.58,704.03,62.23,2573995,GMB,Gambia,Banjul,"Gambia, The"
Western Africa,Gambia,2021,62.08,1.7,4.68,260.86,34.0,43.5,25.3,47.9,19.6,63.22,772.15,63.7,2639916,GMB,Gambia,Banjul,"Gambia, The"
Western Africa,Ghana,2011,61.65,1.9,4.19,115.17,45.6,39.12,29.4,66.5,6.3,51.39,1501.06,64.06,26205941,GHA,Ghana,Accra,Ghana
Western Africa,Ghana,2012,62.08,1.9,4.18,118.04,43.8,39.09,28.6,63.4,6.6,52.07,1536.62,56.51,26858762,GHA,Ghana,Accra,Ghana
Western Africa,Ghana,2013,62.42,1.9,4.14,120.97,42.2,39.05,27.9,60.5,6.9,52.75,2282.41,70.7,27525597,GHA,Ghana,Accra,Ghana
Western Africa,Ghana,2014,63.04,1.8,4.05,123.92,40.6,38.98,27.2,57.8,7.5,53.42,1942.92,78.3,28196358,GHA,Ghana,Accra,Ghana
Western Africa,Ghana,2015,63.18,1.8,4.05,126.88,39.2,38.86,26.5,55.4,8.2,54.09,1711.27,74.0,28870939,GHA,Ghana,Accra,Ghana
Western Africa,Ghana,2016,63.89,1.8,3.91,129.89,37.9,38.68,25.8,53.1,8.3,54.75,1900.4,79.3,29554303,GHA,Ghana,Accra,Ghana
Western Africa,Ghana,2017,64.01,1.8,3.71,132.82,36.7,38.43,25.2,51.0,7.6,55.41,1998.72,79.0,30222262,GHA,Ghana,Accra,Ghana
Western Africa,Ghana,2018,64.12,1.7,3.73,135.67,35.6,38.15,24.6,49.1,6.5,56.06,2180.03,80.4,30870641,GHA,Ghana,Accra,Ghana
Western Africa,Ghana,2019,64.74,1.7,3.68,138.54,34.5,37.89,24.0,47.2,5.7,56.71,2167.93,83.5,31522290,GHA,Ghana,Accra,Ghana
Western Africa,Ghana,2020,64.11,1.7,3.62,141.43,33.5,37.58,23.4,45.5,5.1,57.35,2176.58,85.44,32180401,GHA,Ghana,Accra,Ghana
Western Africa,Ghana,2021,63.8,1.7,3.56,144.3,32.6,37.25,22.8,44.0,4.9,57.98,2422.09,86.3,32833031,GHA,Ghana,Accra,Ghana
Western Africa,Guinea,2011,57.02,1.7,5.3,42.84,75.6,44.29,35.4,119.8,16.4,33.97,644.5,29.46,10527712,GIN,Guinea,Conakry,Guinea
Western Africa,Guinea,2012,57.41,1.7,5.2,43.91,74.5,44.03,34.9,117.7,14.7,34.26,707.97,26.2,10788692,GIN,Guinea,Conakry,Guinea
Western Africa,Guinea,2013,57.79,1.7,5.12,44.99,73.4,43.8,34.3,115.7,13.5,34.54,757.69,32.18,11055430,GIN,Guinea,Conakry,Guinea
Western Africa,Guinea,2014,57.89,1.7,5.05,46.12,72.9,43.56,33.8,114.5,12.9,34.84,774.57,33.53,11333365,GIN,Guinea,Conakry,Guinea
Western Africa,Guinea,2015,58.13,1.7,5.02,47.31,71.9,43.33,33.4,112.6,12.9,35.14,756.43,34.88,11625998,GIN,Guinea,Conakry,Guinea
Western Africa,Guinea,2016,58.76,1.6,4.93,48.56,70.2,43.1,32.9,110.1,13.3,35.46,720.47,33.5,11930985,GIN,Guinea,Conakry,Guinea
Western Africa,Guinea,2017,59.11,1.6,4.79,49.82,69.2,42.88,32.6,108.3,13.3,35.79,843.46,35.4,12240789,GIN,Guinea,Conakry,Guinea
Western Africa,Guinea,2018,59.35,1.6,4.67,51.09,68.0,42.65,32.3,106.2,12.7,36.14,944.42,45.0,12554864,GIN,Guinea,Conakry,Guinea
Western Africa,Guinea,2019,59.72,1.5,4.58,52.41,66.8,42.38,31.9,104.0,12.5,36.5,1043.9,42.2,12877539,GIN,Guinea,Conakry,Guinea
Western Africa,Guinea,2020,59.33,1.5,4.49,53.74,65.4,42.11,31.5,101.6,12.4,36.88,1073.66,44.75,13205153,GIN,Guinea,Conakry,Guinea
Western Africa,Guinea,2021,58.89,1.5,4.4,55.07,63.8,41.83,31.1,98.7,12.9,37.26,1189.18,46.81,13531906,GIN,Guinea,Conakry,Guinea
Western Africa,Guinea-Bissau,2011,56.97,3.9,5.05,57.22,69.6,43.43,43.8,109.0,28.1,40.51,683.53,13.52,1609017,GNB,Guinea Bissau,Bissau,Guinea-Bissau
Western Africa,Guinea-Bissau,2012,57.69,3.9,5.0,58.77,66.7,43.29,42.5,103.9,30.4,40.91,598.57,14.93,1652717,GNB,Guinea Bissau,Bissau,Guinea-Bissau
Western Africa,Guinea-Bissau,2013,58.23,3.8,4.94,60.38,64.2,43.15,41.4,99.4,33.0,41.31,616.16,16.34,1697753,GNB,Guinea Bissau,Bissau,Guinea-Bissau
Western Africa,Guinea-Bissau,2014,58.61,3.8,4.8,62.0,61.9,42.97,40.2,95.5,34.8,41.72,605.12,17.2,1743309,GNB,Guinea Bissau,Bissau,Guinea-Bissau
Western Africa,Guinea-Bissau,2015,59.13,3.7,4.67,63.62,59.9,42.76,39.2,91.8,35.1,42.12,585.96,20.11,1788919,GNB,Guinea Bissau,Bissau,Guinea-Bissau
Western Africa,Guinea-Bissau,2016,59.67,3.6,4.53,65.24,58.0,42.5,38.4,88.6,34.0,42.53,642.67,22.91,1834552,GNB,Guinea Bissau,Bissau,Guinea-Bissau
Western Africa,Guinea-Bissau,2017,60.07,3.5,4.36,66.85,56.3,42.18,37.5,85.5,32.9,42.94,718.25,26.0,1879826,GNB,Guinea Bissau,Bissau,Guinea-Bissau
Western Africa,Guinea-Bissau,2018,60.5,3.4,4.26,68.46,54.6,41.8,36.7,82.4,33.1,43.36,781.64,28.38,1924955,GNB,Guinea Bissau,Bissau,Guinea-Bissau
Western Africa,Guinea-Bissau,2019,60.88,3.3,4.17,70.07,52.9,41.4,35.9,79.5,35.3,43.78,730.61,30.93,1970457,GNB,Guinea Bissau,Bissau,Guinea-Bissau
Western Africa,Guinea-Bissau,2020,60.0,3.2,4.09,71.69,51.5,40.98,35.0,77.0,36.8,44.2,710.26,33.37,2015828,GNB,Guinea Bissau,Bissau,Guinea-Bissau
Western Africa,Guinea-Bissau,2021,59.65,3.1,4.0,73.28,50.0,40.56,34.3,74.3,37.9,44.62,795.12,35.76,2060721,GNB,Guinea Bissau,Bissau,Guinea-Bissau
Western Africa,Liberia,2011,59.62,1.6,4.97,43.41,69.9,42.9,32.5,96.8,35.8,48.19,573.53,4.1,4181150,LBR,Liberia,Monrovia,Liberia
Western Africa,Liberia,2012,59.91,1.6,4.88,44.97,68.3,42.62,32.3,94.2,36.7,48.58,644.46,9.25,4331740,LBR,Liberia,Monrovia,Liberia
Western Africa,Liberia,2013,59.94,1.5,4.75,45.96,66.9,42.72,32.3,92.0,36.6,48.98,717.64,9.8,4427313,LBR,Liberia,Monrovia,Liberia
Western Africa,Liberia,2014,59.12,1.4,4.62,46.92,67.8,42.73,32.3,92.2,36.8,49.4,713.73,9.4,4519398,LBR,Liberia,Monrovia,Liberia
Western Africa,Liberia,2015,59.15,1.4,4.52,47.89,64.6,42.63,32.2,88.3,35.9,49.82,699.66,15.23,4612329,LBR,Liberia,Monrovia,Liberia
Western Africa,Liberia,2016,60.42,1.3,4.46,48.86,63.2,42.48,32.1,86.3,35.3,50.25,722.13,17.7,4706097,LBR,Liberia,Monrovia,Liberia
Western Africa,Liberia,2017,60.55,1.2,4.4,49.8,62.1,42.32,31.8,84.5,35.1,50.7,706.89,24.2,4796631,LBR,Liberia,Monrovia,Liberia
Western Africa,Liberia,2018,60.85,1.2,4.34,50.76,60.9,42.11,31.4,82.6,35.6,51.15,700.04,22.77,4889391,LBR,Liberia,Monrovia,Liberia
Western Africa,Liberia,2019,61.1,1.1,4.26,51.76,59.6,41.83,31.0,80.6,36.9,51.62,665.88,23.1,4985289,LBR,Liberia,Monrovia,Liberia
Western Africa,Liberia,2020,60.95,1.1,4.17,52.82,58.2,41.46,30.5,78.3,37.8,52.09,597.53,27.56,5087584,LBR,Liberia,Monrovia,Liberia
Western Africa,Liberia,2021,60.75,1.1,4.09,53.92,56.7,41.01,29.9,76.0,38.4,52.57,675.66,29.85,5193416,LBR,Liberia,Monrovia,Liberia
Western Africa,Mali,2011,56.76,1.2,6.54,13.15,76.6,47.4,39.1,130.0,5.0,36.8,810.18,28.82,16039734,MLI,Mali,Bamako,Mali
Western Africa,Mali,2012,57.08,1.2,6.52,13.53,74.9,47.71,38.5,126.1,4.6,37.6,753.39,25.6,16514687,MLI,Mali,Bamako,Mali
Western Africa,Mali,2013,57.36,1.1,6.49,13.94,73.2,47.97,37.9,122.5,4.4,38.4,778.8,32.42,17004033,MLI,Mali,Bamako,Mali
Western Africa,Mali,2014,57.9,1.1,6.44,14.38,71.7,48.07,37.4,119.0,4.3,39.2,818.43,34.22,17551814,MLI,Mali,Bamako,Mali
Western Africa,Mali,2015,58.36,1.0,6.38,14.84,70.2,48.12,36.9,115.6,4.2,39.99,723.5,37.6,18112907,MLI,Mali,Bamako,Mali
Western Africa,Mali,2016,58.73,1.0,6.32,15.33,68.7,48.11,36.3,112.4,3.8,40.78,750.05,38.8,18700106,MLI,Mali,Bamako,Mali
Western Africa,Mali,2017,59.13,1.0,6.25,15.83,67.3,48.03,35.8,109.3,3.9,41.57,795.68,34.78,19311355,MLI,Mali,Bamako,Mali
Western Africa,Mali,2018,59.39,0.9,6.18,16.34,65.9,47.93,35.2,106.2,4.3,42.36,856.36,50.9,19934298,MLI,Mali,Bamako,Mali
Western Africa,Mali,2019,59.66,0.9,6.1,16.86,64.4,47.8,34.7,103.1,6.6,43.14,840.18,47.85,20567424,MLI,Mali,Bamako,Mali
Western Africa,Mali,2020,58.63,0.8,6.04,17.39,63.0,47.61,34.1,100.1,9.7,43.91,822.91,50.64,21224040,MLI,Mali,Bamako,Mali
Western Africa,Mali,2021,58.94,0.8,5.96,17.95,61.6,47.39,33.4,97.1,12.8,44.68,881.51,53.38,21904983,MLI,Mali,Bamako,Mali
Western Africa,Mauritania,2011,63.35,0.5,5.03,3.42,40.6,43.54,27.8,54.9,6.7,47.49,1919.45,35.3,3524249,MRT,Mauritania,Nouakchott,Mauritania
Western Africa,Mauritania,2012,63.58,0.5,4.99,3.53,39.8,43.92,27.3,53.4,6.3,48.4,1850.38,36.42,3636113,MRT,Mauritania,Nouakchott,Mauritania
Western Africa,Mauritania,2013,63.91,0.4,4.94,3.63,39.0,44.06,26.9,51.9,6.2,49.31,1929.78,37.58,3742959,MRT,Mauritania,Nouakchott,Mauritania
Western Africa,Mauritania,2014,64.16,0.4,4.89,3.73,38.1,43.91,26.4,50.5,6.5,50.2,1715.39,38.8,3843174,MRT,Mauritania,Nouakchott,Mauritania
Western Africa,Mauritania,2015,64.48,0.4,4.81,3.83,37.2,43.75,25.9,48.9,6.8,51.09,1562.73,39.5,3946220,MRT,Mauritania,Nouakchott,Mauritania
Western Africa,Mauritania,2016,64.77,0.4,4.74,3.93,36.4,43.55,25.3,47.4,7.0,51.96,1579.2,41.25,4051890,MRT,Mauritania,Nouakchott,Mauritania
Western Africa,Mauritania,2017,65.08,0.4,4.66,4.04,35.5,43.31,24.8,46.0,7.0,52.82,1634.64,42.9,4160015,MRT,Mauritania,Nouakchott,Mauritania
Western Africa,Mauritania,2018,65.31,0.4,4.61,4.14,34.7,43.04,24.2,44.6,6.9,53.67,1749.95,43.59,4270712,MRT,Mauritania,Nouakchott,Mauritania
Western Africa,Mauritania,2019,65.69,0.4,4.52,4.25,33.8,42.72,23.7,43.2,7.0,54.51,1800.88,44.95,4383849,MRT,Mauritania,Nouakchott,Mauritania
Western Africa,Mauritania,2020,64.53,0.3,4.46,4.36,33.0,42.38,23.1,41.8,7.5,55.33,1836.29,45.4,4498604,MRT,Mauritania,Nouakchott,Mauritania
Western Africa,Mauritania,2021,64.36,0.3,4.4,4.48,32.2,42.01,22.6,40.5,8.7,56.13,1998.39,47.7,4614974,MRT,Mauritania,Nouakchott,Mauritania
Western Africa,Niger,2011,58.99,0.4,7.45,13.64,64.4,49.17,33.9,129.1,14.4,16.22,507.6,14.3,17283112,NER,Niger,Niamey,Niger
Western Africa,Niger,2012,59.65,0.3,7.4,14.17,63.3,49.19,33.7,126.0,14.7,16.21,525.05,14.4,17954407,NER,Niger,Niamey,Niger
Western Africa,Niger,2013,60.24,0.3,7.34,14.73,62.4,49.18,33.7,123.4,14.1,16.21,548.16,15.15,18653199,NER,Niger,Niamey,Niger
Western Africa,Niger,2014,60.79,0.3,7.28,15.29,61.8,49.18,33.7,121.6,13.3,16.22,560.75,15.73,19372014,NER,Niger,Niamey,Niger
Western Africa,Niger,2015,61.08,0.3,7.21,15.89,61.3,49.14,33.8,120.2,12.4,16.25,481.11,16.6,20128124,NER,Niger,Niamey,Niger
Western Africa,Niger,2016,61.63,0.2,7.14,16.52,60.9,49.09,33.8,119.1,11.7,16.29,497.04,16.97,20921743,NER,Niger,Niamey,Niger
Western Africa,Niger,2017,62.16,0.2,7.08,17.16,60.6,49.06,33.9,118.4,10.9,16.35,514.54,17.58,21737922,NER,Niger,Niamey,Niger
Western Africa,Niger,2018,62.45,0.2,7.02,17.82,60.4,49.02,33.9,117.7,11.0,16.42,568.6,17.6,22577058,NER,Niger,Niamey,Niger
Western Africa,Niger,2019,62.9,0.2,6.96,18.51,60.2,48.99,33.9,117.0,11.9,16.52,549.82,18.46,23443393,NER,Niger,Niamey,Niger
Western Africa,Niger,2020,61.45,0.2,6.89,19.21,59.9,48.95,33.9,116.3,14.2,16.63,564.84,18.72,24333639,NER,Niger,Niamey,Niger
Western Africa,Niger,2021,61.58,0.2,6.82,19.94,59.5,48.9,33.7,115.2,16.1,16.75,590.63,18.6,25252722,NER,Niger,Niamey,Niger
Western Africa,Nigeria,2011,51.36,1.6,5.92,181.67,83.2,44.33,37.8,133.4,9.2,44.37,2504.88,55.9,165463745,NGA,Nigeria,Abuja,Nigeria
Western Africa,Nigeria,2012,51.5,1.6,5.83,186.74,82.0,44.36,37.6,131.4,9.7,45.25,2728.02,53.02,170075932,NGA,Nigeria,Abuja,Nigeria
Western Africa,Nigeria,2013,51.71,1.6,5.74,191.84,81.1,44.38,37.4,129.6,9.6,46.12,2976.76,55.6,174726123,NGA,Nigeria,Abuja,Nigeria
Western Africa,Nigeria,2014,51.79,1.6,5.66,196.95,80.2,44.37,37.4,128.0,9.5,46.98,3200.95,54.15,179379016,NGA,Nigeria,Abuja,Nigeria
Western Africa,Nigeria,2015,51.84,1.5,5.62,202.02,79.3,44.31,37.2,126.4,9.3,47.84,2679.55,52.5,183995785,NGA,Nigeria,Abuja,Nigeria
Western Africa,Nigeria,2016,52.04,1.5,5.58,207.15,78.3,44.22,37.0,124.7,9.6,48.68,2144.78,59.3,188666931,NGA,Nigeria,Abuja,Nigeria
Western Africa,Nigeria,2017,52.3,1.5,5.52,212.45,77.1,44.07,36.7,122.4,10.1,49.52,1941.88,54.4,193495907,NGA,Nigeria,Abuja,Nigeria
Western Africa,Nigeria,2018,52.55,1.4,5.45,217.82,75.5,43.89,36.4,119.6,10.6,50.34,2125.83,56.5,198387623,NGA,Nigeria,Abuja,Nigeria
Western Africa,Nigeria,2019,52.91,1.4,5.38,223.22,73.9,43.71,35.9,116.8,12.4,51.16,2334.02,55.4,203304492,NGA,Nigeria,Abuja,Nigeria
Western Africa,Nigeria,2020,52.89,1.4,5.31,228.74,72.3,43.5,35.5,113.8,14.2,51.96,2074.61,55.4,208327405,NGA,Nigeria,Abuja,Nigeria
Western Africa,Nigeria,2021,52.68,1.3,5.24,234.31,70.6,43.29,34.9,110.8,15.9,52.75,2065.77,59.5,213401323,NGA,Nigeria,Abuja,Nigeria
Western Africa,Senegal,2011,65.26,0.6,5.04,66.88,41.1,43.24,26.3,62.9,10.7,44.19,1383.54,56.5,12875880,SEN,Senegal,Dakar,Senegal
Western Africa,Senegal,2012,65.46,0.5,5.0,68.73,39.7,43.26,25.8,59.8,11.0,44.6,1334.73,56.5,13231833,SEN,Senegal,Dakar,Senegal
Western Africa,Senegal,2013,66.07,0.5,4.96,70.62,38.2,43.27,25.3,56.7,10.8,45.02,1391.53,57.0,13595566,SEN,Senegal,Dakar,Senegal
Western Africa,Senegal,2014,66.45,0.5,4.9,72.56,36.9,43.24,24.9,53.8,10.6,45.44,1417.09,61.0,13970308,SEN,Senegal,Dakar,Senegal
Western Africa,Senegal,2015,66.88,0.4,4.78,74.57,35.5,43.14,24.5,51.0,9.5,45.86,1238.13,60.5,14356181,SEN,Senegal,Dakar,Senegal
Western Africa,Senegal,2016,67.5,0.4,4.68,76.62,34.3,42.98,24.1,48.4,8.3,46.3,1290.75,64.5,14751356,SEN,Senegal,Dakar,Senegal
Western Africa,Senegal,2017,67.75,0.4,4.62,78.73,33.0,42.79,23.5,45.9,7.3,46.74,1385.2,61.7,15157793,SEN,Senegal,Dakar,Senegal
Western Africa,Senegal,2018,68.1,0.4,4.58,80.9,31.9,42.57,23.0,43.7,6.7,47.19,1484.23,66.0,15574909,SEN,Senegal,Dakar,Senegal
Western Africa,Senegal,2019,68.53,0.3,4.52,83.11,30.9,42.33,22.3,41.8,6.3,47.65,1462.68,70.4,16000781,SEN,Senegal,Dakar,Senegal
Western Africa,Senegal,2020,68.01,0.3,4.45,85.37,30.0,42.07,21.7,40.1,5.9,48.12,1492.48,64.3,16436120,SEN,Senegal,Dakar,Senegal
Western Africa,Senegal,2021,67.09,0.3,4.39,87.66,29.1,41.76,21.1,38.6,5.7,48.6,1633.56,67.98,16876720,SEN,Senegal,Dakar,Senegal
Western Africa,Sierra Leone,2011,54.62,1.7,5.21,91.61,104.2,43.02,38.5,154.5,21.1,39.25,443.45,14.2,6612385,SLE,Sierra Leone,Freetown,Sierra Leone
Western Africa,Sierra Leone,2012,55.45,1.7,5.06,94.05,101.0,42.79,37.5,148.0,21.4,39.64,558.18,17.16,6788587,SLE,Sierra Leone,Freetown,Sierra Leone
Western Africa,Sierra Leone,2013,56.31,1.7,4.87,96.49,98.0,42.51,36.6,141.9,22.7,40.04,706.45,13.5,6964859,SLE,Sierra Leone,Freetown,Sierra Leone
Western Africa,Sierra Leone,2014,56.39,1.6,4.7,98.93,96.0,42.18,35.8,140.0,22.6,40.43,702.34,18.83,7140688,SLE,Sierra Leone,Freetown,Sierra Leone
Western Africa,Sierra Leone,2015,57.19,1.6,4.55,101.34,95.5,41.81,35.1,141.0,23.7,40.83,581.29,19.66,7314773,SLE,Sierra Leone,Freetown,Sierra Leone
Western Africa,Sierra Leone,2016,58.4,1.6,4.47,103.82,90.1,41.41,34.2,126.1,24.2,41.23,515.45,20.3,7493913,SLE,Sierra Leone,Freetown,Sierra Leone
Western Africa,Sierra Leone,2017,58.65,1.6,4.39,106.37,87.6,40.99,33.5,121.4,25.7,41.64,484.46,23.4,7677565,SLE,Sierra Leone,Freetown,Sierra Leone
Western Africa,Sierra Leone,2018,59.8,1.5,4.29,108.91,85.2,40.57,32.9,116.8,26.8,42.06,519.65,26.1,7861281,SLE,Sierra Leone,Freetown,Sierra Leone
Western Africa,Sierra Leone,2019,60.26,1.5,4.19,111.48,82.8,40.17,32.2,112.5,27.5,42.48,506.61,22.7,8046828,SLE,Sierra Leone,Freetown,Sierra Leone
Western Africa,Sierra Leone,2020,59.76,1.5,4.08,114.08,80.5,39.79,31.6,108.5,27.3,42.92,493.43,26.31,8233970,SLE,Sierra Leone,Freetown,Sierra Leone
Western Africa,Sierra Leone,2021,60.06,1.4,3.98,116.66,78.3,39.39,30.9,104.7,27.8,43.37,504.62,27.49,8420641,SLE,Sierra Leone,Freetown,Sierra Leone
Western Africa,Togo,2011,57.92,2.7,4.92,124.08,56.8,41.8,29.0,86.4,19.6,38.03,803.48,39.7,6748672,TGO,Togo,Lome,Togo
Western Africa,Togo,2012,58.07,2.6,4.81,127.35,55.3,41.76,28.5,83.7,19.5,38.55,781.55,39.13,6926635,TGO,Togo,Lome,Togo
Western Africa,Togo,2013,58.68,2.6,4.72,130.65,53.8,41.69,28.0,81.1,19.2,39.06,847.39,40.95,7106229,TGO,Togo,Lome,Togo
Western Africa,Togo,2014,58.85,2.5,4.66,134.0,52.3,41.58,27.5,78.5,19.7,39.58,877.19,45.7,7288383,TGO,Togo,Lome,Togo
Western Africa,Togo,2015,59.4,2.4,4.59,137.4,50.9,41.44,27.0,75.9,19.8,40.1,770.14,44.75,7473229,TGO,Togo,Lome,Togo
Western Africa,Togo,2016,59.55,2.3,4.56,140.86,49.5,41.29,26.5,73.5,20.3,40.63,792.44,46.77,7661354,TGO,Togo,Lome,Togo
Western Africa,Togo,2017,60.15,2.2,4.5,144.38,48.2,41.11,26.0,71.2,20.0,41.16,813.4,48.0,7852795,TGO,Togo,Lome,Togo
Western Africa,Togo,2018,60.24,2.1,4.44,147.94,46.8,40.92,25.5,68.8,19.7,41.7,873.55,50.0,8046679,TGO,Togo,Lome,Togo
Western Africa,Togo,2019,60.9,2.0,4.38,151.56,45.6,40.72,25.0,66.6,18.8,42.25,848.3,52.46,8243094,TGO,Togo,Lome,Togo
Western Africa,Togo,2020,61.04,2.0,4.32,155.22,44.5,40.5,24.5,64.6,17.5,42.8,886.7,54.13,8442580,TGO,Togo,Lome,Togo
Western Africa,Togo,2021,61.62,1.9,4.26,158.94,43.4,40.25,24.0,62.6,17.4,43.36,976.67,55.74,8644829,TGO,Togo,Lome,Togo
Northern Africa,Western Sahara,2011,71.27,0.1,2.61,73.73,25.4,28.7,18.3,29.5,4.6,58.58,3302.45,96.07,32903699,MAR,Morocco,El Aayoun,Morocco
Northern Africa,Western Sahara,2012,71.68,0.1,2.6,74.73,24.0,28.49,17.3,27.9,4.4,59.14,3164.0,96.44,33352169,MAR,Morocco,El Aayoun,Morocco
Northern Africa,Western Sahara,2013,72.12,0.1,2.59,75.74,22.7,28.3,16.3,26.4,4.1,59.7,3377.64,97.2,33803527,MAR,Morocco,El Aayoun,Morocco
Northern Africa,Western Sahara,2014,72.54,0.1,2.55,76.74,21.4,28.14,15.4,24.9,4.0,60.26,3430.53,97.28,34248603,MAR,Morocco,El Aayoun,Morocco
Northern Africa,Western Sahara,2015,72.92,0.1,2.53,77.71,20.3,27.99,14.6,23.6,3.8,60.81,3139.23,97.3,34680458,MAR,Morocco,El Aayoun,Morocco
Northern Africa,Western Sahara,2016,73.28,0.1,2.45,78.66,19.2,27.82,13.8,22.4,3.7,61.36,3132.95,97.8,35107264,MAR,Morocco,El Aayoun,Morocco
Northern Africa,Western Sahara,2017,73.66,0.1,2.45,79.61,18.3,27.64,13.2,21.3,3.6,61.91,3288.5,100.0,35528115,MAR,Morocco,El Aayoun,Morocco
Northern Africa,Western Sahara,2018,73.99,0.1,2.42,80.5,17.5,27.48,12.6,20.4,3.6,62.45,3492.67,98.1,35927511,MAR,Morocco,El Aayoun,Morocco
Northern Africa,Western Sahara,2019,74.27,0.1,2.38,81.35,16.7,27.3,12.1,19.5,4.2,62.99,3498.58,99.6,36304408,MAR,Morocco,El Aayoun,Morocco
Northern Africa,Western Sahara,2020,73.92,0.1,2.35,82.21,16.1,27.09,11.5,18.7,5.3,63.53,3258.27,100.0,36688772,MAR,Morocco,El Aayoun,Morocco
Northern Africa,Western Sahara,2021,74.04,0.1,2.33,83.08,15.4,26.85,11.1,18.0,6.3,64.06,3767.52,100.0,37076584,MAR,Morocco,El Aayoun,Morocco
Eastern Africa,Somaliland,2011,51.3,0.2,7.26,19.47,93.7,48.17,42.8,152.7,68.0,41.0,736.28,52.01,12216837,SOM,Somalia,Hargeysa,Somalia
Eastern Africa,Somaliland,2012,53.16,0.2,7.2,19.83,91.2,48.07,42.1,148.1,64.2,41.56,787.6,51.76,12440326,SOM,Somalia,Hargeysa,Somalia
Eastern Africa,Somaliland,2013,53.84,0.1,7.13,20.49,88.6,47.99,41.3,143.4,60.4,42.12,454.08,51.55,12852485,SOM,Somalia,Hargeysa,Somalia
Eastern Africa,Somaliland,2014,54.28,0.1,7.06,21.22,86.2,47.9,40.7,138.9,58.7,42.68,491.19,51.38,13309235,SOM,Somalia,Hargeysa,Somalia
Eastern Africa,Somaliland,2015,54.86,0.1,6.98,21.94,83.7,47.82,40.0,134.5,58.2,43.24,507.48,51.24,13763906,SOM,Somalia,Hargeysa,Somalia
Eastern Africa,Somaliland,2016,55.04,0.1,6.89,22.78,81.4,47.75,39.3,130.3,57.7,43.82,517.1,51.12,14292847,SOM,Somalia,Hargeysa,Somalia
Eastern Africa,Somaliland,2017,55.65,0.1,6.74,23.69,79.1,47.66,38.5,126.1,56.6,44.39,555.19,52.1,14864221,SOM,Somalia,Hargeysa,Somalia
Eastern Africa,Somaliland,2018,56.38,0.1,6.63,24.57,77.1,47.55,37.8,122.5,54.0,44.97,537.16,50.73,15411094,SOM,Somalia,Hargeysa,Somalia
Eastern Africa,Somaliland,2019,57.08,0.1,6.53,25.47,74.9,47.44,37.2,118.6,51.9,45.55,589.47,49.2,15981300,SOM,Somalia,Hargeysa,Somalia
Eastern Africa,Somaliland,2020,55.97,0.1,6.42,26.36,72.9,47.34,36.6,114.9,49.9,46.14,556.58,49.86,16537016,SOM,Somalia,Hargeysa,Somalia
Eastern Africa,Somaliland,2021,55.28,0.1,6.31,27.2,71.1,47.25,36.0,111.8,48.7,46.73,576.52,49.32,17065581,SOM,Somalia,Hargeysa,Somalia
Eastern Africa,Puntland,2011,51.3,0.2,7.26,19.47,93.7,48.17,42.8,152.7,68.0,41.0,736.28,52.01,12216837,SOM,Somalia,Garoowe,Somalia
Eastern Africa,Puntland,2012,53.16,0.2,7.2,19.83,91.2,48.07,42.1,148.1,64.2,41.56,787.6,51.76,12440326,SOM,Somalia,Garoowe,Somalia
Eastern Africa,Puntland,2013,53.84,0.1,7.13,20.49,88.6,47.99,41.3,143.4,60.4,42.12,454.08,51.55,12852485,SOM,Somalia,Garoowe,Somalia
Eastern Africa,Puntland,2014,54.28,0.1,7.06,21.22,86.2,47.9,40.7,138.9,58.7,42.68,491.19,51.38,13309235,SOM,Somalia,Garoowe,Somalia
Eastern Africa,Puntland,2015,54.86,0.1,6.98,21.94,83.7,47.82,40.0,134.5,58.2,43.24,507.48,51.24,13763906,SOM,Somalia,Garoowe,Somalia
Eastern Africa,Puntland,2016,55.04,0.1,6.89,22.78,81.4,47.75,39.3,130.3,57.7,43.82,517.1,51.12,14292847,SOM,Somalia,Garoowe,Somalia
Eastern Africa,Puntland,2017,55.65,0.1,6.74,23.69,79.1,47.66,38.5,126.1,56.6,44.39,555.19,52.1,14864221,SOM,Somalia,Garoowe,Somalia
Eastern Africa,Puntland,2018,56.38,0.1,6.63,24.57,77.1,47.55,37.8,122.5,54.0,44.97,537.16,50.73,15411094,SOM,Somalia,Garoowe,Somalia
Eastern Africa,Puntland,2019,57.08,0.1,6.53,25.47,74.9,47.44,37.2,118.6,51.9,45.55,589.47,49.2,15981300,SOM,Somalia,Garoowe,Somalia
Eastern Africa,Puntland,2020,55.97,0.1,6.42,26.36,72.9,47.34,36.6,114.9,49.9,46.14,556.58,49.86,16537016,SOM,Somalia,Garoowe,Somalia
Eastern Africa,Puntland,2021,55.28,0.1,6.31,27.2,71.1,47.25,36.0,111.8,48.7,46.73,576.52,49.32,17065581,SOM,Somalia,Garoowe,Somalia
